end,isr_entry,iret,c_entry,c_exit,first_try_handle_mm_fault_with_mm_lock_end,first_try_handle_mm_fault_with_mm_lock_page_table_walk_end,first_try_handle_mm_fault_with_mm_lock_start,first_try_lock_mm_and_find_vma_end,first_try_lock_mm_and_find_vma_start,page_allocation_end,page_allocation_start,retry_handle_mm_fault_with_mm_lock_end,retry_handle_mm_fault_with_mm_lock_page_table_walk_end,retry_handle_mm_fault_with_mm_lock_start,retry_lock_mm_and_find_vma_end,retry_lock_mm_and_find_vma_start,wake_up_userfaultfd_end,wake_up_userfaultfd_start
9386,1196,8791,1541,8216,7915,3069,2427,,2185,7609,5963,,,,,,,
7617,1154,7016,1495,6404,6153,2789,2226,,1978,5511,3022,,,,,,,
6343,1129,5779,1462,5249,4995,2671,2037,,1858,4556,2829,,,,,,,
7242,1320,6659,1650,6106,5830,2919,2332,,2155,5060,3077,,,,,,,
6601,1127,6000,1460,5464,5214,2665,2037,,1858,4625,2821,,,,,,,
5872,1111,5273,1442,4751,4493,2616,2021,,1842,4130,2771,,,,,,,
6268,1111,5685,1442,5163,4907,2579,2021,,1844,4466,2971,,,,,,,
6303,1109,5724,1442,5184,4928,2576,2035,,1856,4505,2734,,,,,,,
6697,1153,6114,1485,5586,5330,2819,2063,,1885,4907,2975,,,,,,,
6628,1133,6029,1462,5500,5246,3004,2033,,1856,4814,3164,,,,,,,
10023,1130,9442,1463,8901,8649,2877,2040,,1861,4498,3035,,,,,,,
6557,1276,5850,1609,5316,5064,2892,2182,,2001,4698,3049,,,,,,,
6508,1348,5925,1682,5395,5143,2823,2285,,2106,4712,2980,,,,,,,
6336,1156,5735,1487,5217,4965,2617,2062,,1883,4626,2777,,,,,,,
6695,1151,6112,1484,5581,5260,2998,2254,,2075,4911,3156,,,,,,,
7133,1440,6528,1771,5988,5732,3065,2441,,2263,5210,3225,,,,,,,
7871,1574,7288,1923,6697,6449,3516,2616,,2419,5793,3674,,,,,,,
6273,1130,5623,1463,5101,4849,2464,2086,,1904,4461,2623,,,,,,,
6319,1133,5718,1467,5190,4936,2608,2045,,1865,4585,2771,,,,,,,
6892,1129,6292,1547,5752,5504,2681,2118,,1939,5017,2839,,,,,,,
6398,1129,5797,1460,5275,5007,2411,2029,,1852,4669,2677,,,,,,,
6142,1129,5541,1458,5025,4773,2567,2027,,1848,4436,2722,,,,,,,
5956,1148,5375,1479,4839,4587,2610,2052,,1877,4252,2765,,,,,,,
7243,1432,6642,1775,5657,5405,3065,2415,,2234,4865,3274,,,,,,,
6249,1154,5627,1485,5109,4859,2637,2078,,1900,4514,2793,,,,,,,
11074,1152,10465,1483,9920,9648,2640,2060,,1877,4554,2795,,,,,,,
8445,1387,7871,1718,7357,7099,4312,2969,,2790,6528,4468,,,,,,,
6597,1151,6012,1484,5500,5246,2488,2104,,1893,4641,2659,,,,,,,
6082,1134,5493,1473,4965,4709,2639,2076,,1897,4353,2799,,,,,,,
6207,1113,5606,1450,5086,4816,2620,2039,,1860,4440,2776,,,,,,,
6325,1135,5716,1468,5196,4928,2478,2088,,1909,4560,2663,,,,,,,
6144,1131,5535,1468,5017,4763,2677,2065,,1887,4399,2835,,,,,,,
8146,1820,7561,2170,6984,6714,3864,3133,,2913,6039,4047,,,,,,,
6415,1323,5783,1654,5267,5015,2657,2235,,2056,4650,2816,,,,,,,
6557,1133,5935,1462,5427,5173,2616,2063,,1883,4797,2772,,,,,,,
6290,1336,5671,1669,5153,4899,2848,2287,,2096,4542,3006,,,,,,,
6025,1129,5425,1456,4895,4641,2602,2047,,1871,4298,2758,,,,,,,
5891,1184,5243,1524,4729,4459,2669,2117,,1938,4097,2826,,,,,,,
5828,1150,5226,1479,4700,4448,2604,2070,,1891,4083,2762,,,,,,,
5992,1153,5389,1487,4860,4605,2722,2082,,1903,4253,2880,,,,,,,
10398,1179,9718,1512,9202,8926,2576,2186,,1979,4408,2734,,,,,,,
6410,1141,5805,1479,5285,5033,2677,2070,,1891,4635,2835,,,,,,,
6473,1152,5850,1485,5336,5082,2771,2096,,1917,4716,2929,,,,,,,
6131,1203,5509,1532,4989,4713,2698,2123,,1944,4323,2854,,,,,,,
5967,1153,5289,1490,4773,4521,2437,2059,,1880,4153,2595,,,,,,,
6252,1145,5649,1481,5143,4887,2632,2098,,1921,4525,2787,,,,,,,
6088,1152,5485,1489,4979,4725,2513,2088,,1910,4370,2671,,,,,,,
6276,1164,5643,1503,5115,4861,2671,2118,,1940,4515,2827,,,,,,,
6102,1150,5501,1481,4973,4717,2686,2074,,1896,4360,2844,,,,,,,
7587,1826,7008,2216,6425,6173,3736,3108,,2899,5570,3890,,,,,,,
6435,1377,5834,1717,5324,5050,2897,2316,,2137,4668,3055,,,,,,,
5986,1200,5366,1533,4846,4576,2691,2126,,1950,4194,2847,,,,,,,
6849,1151,6244,1483,5736,5470,3209,2090,,1911,5086,3363,,,,,,,
5949,1154,5366,1487,4836,4582,2665,2076,,1891,4233,2821,,,,,,,
6750,1266,6167,1599,5659,5387,3007,2214,,2034,5013,3161,,,,,,,
9271,1114,8654,1447,8113,7859,2422,2038,,1861,4327,2578,,,,,,,
6061,1138,5481,1467,4973,4721,2531,2123,,1901,4294,2688,,,,,,,
6309,1154,5696,1485,5176,4887,2527,2094,,1918,4422,2685,,,,,,,
5940,1150,5302,1481,4786,4534,2503,2101,,1918,4154,2659,,,,,,,
6762,1182,6114,1521,5600,5324,2780,2177,,2000,4942,2947,,,,,,,
6057,1154,5425,1491,4918,4670,2693,2125,,1946,4351,2850,,,,,,,
6136,1115,5512,1444,4990,4738,2535,2041,,1862,4365,2691,,,,,,,
6041,1130,5422,1463,4902,4622,2667,2076,,1896,4254,2824,,,,,,,
6143,1130,5517,1467,4995,4717,2609,2064,,1885,4396,2767,,,,,,,
6120,1149,5510,1486,5005,4753,2750,2120,,1941,4416,2908,,,,,,,
7859,1678,7278,2090,6709,6441,3467,2862,,2683,5823,3623,,,,,,,
6362,1355,5724,1686,5196,4934,2909,2298,,2121,4577,3065,,,,,,,
5940,1170,5292,1497,4766,4512,2519,2090,,1914,4156,2671,,,,,,,
5785,1115,5163,1450,4649,4395,2588,2043,,1865,4030,2746,,,,,,,
8412,959,8083,1528,7731,7445,3929,2602,,2430,6338,4187,,,,,,,
7782,634,7434,1115,7249,7077,1751,1483,,1379,3132,1862,,,,,,,
3663,630,3323,1077,3149,2970,1654,1442,,1337,2665,1763,,,,,,,
3522,622,3173,1070,2990,2817,1645,1432,,1330,2596,1757,,,,,,,
3533,626,3179,1065,3005,2828,1646,1432,,1327,2631,1755,,,,,,,
3621,638,3270,1088,3095,2915,1665,1460,,1353,2711,1779,,,,,,,
3447,665,3098,1112,2968,2791,1686,1473,,1367,2578,1792,,,,,,,
3992,620,3643,1075,3502,3326,1660,1449,,1343,2928,1770,,,,,,,
3684,631,3347,1082,3215,3041,1692,1448,,1342,2673,1801,,,,,,,
3587,644,3234,1103,3104,2927,1704,1479,,1369,2724,1816,,,,,,,
3801,630,3454,1099,3317,3143,1670,1461,,1353,2942,1780,,,,,,,
3676,629,3335,1099,3162,2988,1677,1456,,1350,2774,1787,,,,,,,
3634,623,3296,1080,3166,2990,1647,1436,,1332,2665,1755,,,,,,,
3430,633,3093,1102,2961,2786,1675,1466,,1360,2573,1783,,,,,,,
4067,642,3728,1099,3555,3374,1670,1459,,1357,3167,1778,,,,,,,
3459,632,3110,1095,2978,2801,1668,1458,,1347,2596,1777,,,,,,,
5722,629,5378,1088,5208,5025,1665,1448,,1342,2675,1773,,,,,,,
3666,625,3319,1097,3148,2971,1678,1466,,1361,2772,1785,,,,,,,
3425,618,3082,1091,2954,2777,1670,1457,,1351,2574,1778,,,,,,,
3531,618,3177,1089,3005,2826,1668,1459,,1355,2621,1776,,,,,,,
4077,626,3740,1156,3610,3437,1733,1519,,1414,3230,1844,,,,,,,
3557,618,3205,1091,3077,2903,1674,1461,,1355,2696,1784,,,,,,,
3752,768,3415,1203,3277,3106,1810,1589,,1481,2899,1920,,,,,,,
3518,642,3157,1105,3029,2850,1686,1471,,1367,2653,1794,,,,,,,
3461,638,3108,1093,2980,2805,1668,1451,,1347,2592,1776,,,,,,,
3542,641,3183,1094,3010,2837,1684,1464,,1354,2632,1791,,,,,,,
3567,626,3205,1089,3033,2858,1653,1446,,1341,2649,1765,,,,,,,
3915,630,3557,1097,3429,3258,1682,1467,,1359,3053,1792,,,,,,,
3786,638,3439,1099,3309,3138,1669,1460,,1350,2827,1775,,,,,,,
3548,644,3197,1115,3071,2894,1696,1483,,1379,2689,1804,,,,,,,
3847,627,3508,1091,3380,3209,1665,1456,,1353,3000,1775,,,,,,,
5752,629,5397,1080,5224,5047,1661,1446,,1340,2707,1771,,,,,,,
3540,627,3191,1088,3010,2833,1661,1448,,1342,2636,1773,,,,,,,
3687,652,3340,1111,3169,2994,1794,1587,,1477,2789,1904,,,,,,,
3829,619,3481,1072,3341,3165,1645,1438,,1332,2959,1753,,,,,,,
3532,642,3185,1109,3049,2872,1682,1473,,1367,2665,1790,,,,,,,
3681,628,3335,1081,3161,2986,1652,1444,,1337,2783,1759,,,,,,,
3664,731,3325,1182,3153,2947,1783,1560,,1450,2746,1893,,,,,,,
3790,644,3437,1097,3256,3073,1678,1469,,1363,2874,1785,,,,,,,
3632,626,3285,1079,3112,2929,1668,1447,,1343,2720,1774,,,,,,,
3455,628,3124,1073,2982,2807,1648,1430,,1327,2600,1755,,,,,,,
3666,623,3323,1080,3183,3006,1671,1446,,1342,2807,1781,,,,,,,
3393,622,3066,1061,2936,2743,1629,1422,,1315,2529,1739,,,,,,,
3654,633,3301,1105,3130,2955,1673,1464,,1357,2746,1783,,,,,,,
3648,628,3305,1074,3085,2905,1639,1432,,1328,2708,1747,,,,,,,
3579,634,3238,1101,3055,2878,1678,1463,,1355,2681,1788,,,,,,,
6039,679,5702,1128,5523,5340,1698,1493,,1385,2852,1808,,,,,,,
3831,636,3488,1109,3360,3185,1694,1481,,1373,2980,1804,,,,,,,
3583,623,3252,1078,3083,2902,1651,1444,,1336,2699,1757,,,,,,,
4079,638,3744,1109,3606,3423,2131,1477,,1371,3151,2286,,,,,,,
3824,625,3475,1096,3345,3168,1706,1458,,1352,2965,1815,,,,,,,
3630,640,3287,1204,3159,2980,1792,1574,,1469,2781,1899,,,,,,,
3922,623,3583,1292,3410,3233,1864,1655,,1548,3034,1976,,,,,,,
3636,638,3293,1097,3165,2988,1694,1477,,1371,2785,1804,,,,,,,
4152,918,3815,1365,3685,3510,1964,1745,,1637,3289,2076,,,,,,,
3656,644,3305,1115,3175,2994,1706,1497,,1394,2781,1818,,,,,,,
3932,648,3591,1103,3461,3284,1674,1466,,1359,3067,1781,,,,,,,
4189,642,3837,1123,3665,3486,1710,1493,,1387,3275,1818,,,,,,,
3496,634,3150,1093,2976,2799,1665,1456,,1351,2573,1775,,,,,,,
3613,640,3244,1105,3105,2935,1696,1487,,1381,2720,1803,,,,,,,
3753,642,3406,1111,3233,3059,1698,1483,,1375,2854,1806,,,,,,,
5941,634,5588,1095,5415,5236,1694,1479,,1371,2606,1802,,,,,,,
3689,642,3361,1107,3189,3012,1690,1476,,1371,2707,1799,,,,,,,
3569,644,3226,1103,3096,2919,1702,1483,,1375,2720,1812,,,,,,,
3693,634,3360,1091,3187,3016,1674,1462,,1355,2628,1783,,,,,,,
3667,636,3329,1121,3157,2982,1715,1503,,1398,2637,1824,,,,,,,
3935,650,3593,1128,3421,3246,1708,1503,,1394,3037,1816,,,,,,,
3750,642,3406,1292,3226,3049,1891,1674,,1566,2829,1999,,,,,,,
3906,634,3565,1097,3390,3214,1678,1469,,1363,2915,1928,,,,,,,
4074,635,3725,1113,3540,3363,2027,1684,,1578,3138,2135,,,,,,,
3650,630,3307,1095,3135,2958,1672,1465,,1357,2747,1782,,,,,,,
3588,640,3246,1116,3102,2921,1711,1499,,1392,2710,1818,,,,,,,
3707,632,3378,1105,3246,3071,1690,1483,,1377,2870,1796,,,,,,,
3676,645,3339,1123,3164,2981,1720,1501,,1397,2766,1830,,,,,,,
4179,811,3850,1282,3709,3533,1863,1656,,1550,3181,1973,,,,,,,
3947,644,3599,1107,3471,3295,1692,1479,,1373,3091,1800,,,,,,,
6227,625,5894,1088,5718,5535,1667,1458,,1352,3115,1901,,,,,,,
3518,641,3187,1107,3008,2831,1692,1476,,1371,2608,1801,,,,,,,
3794,629,3461,1103,3284,3106,1680,1472,,1365,2892,1789,,,,,,,
3510,644,3179,1107,3040,2868,1698,1491,,1383,2665,1809,,,,,,,
3510,650,3175,1113,3037,2852,1698,1489,,1385,2645,1808,,,,,,,
3587,634,3254,1146,3126,2948,1731,1524,,1418,2734,1841,,,,,,,
4142,636,3809,1105,3626,3451,1918,1479,,1375,3049,2027,,,,,,,
3835,637,3489,1115,3363,3185,1801,1491,,1385,2979,1911,,,,,,,
3719,626,3378,1095,3205,3037,1680,1469,,1365,2828,1792,,,,,,,
4370,636,4030,1095,3856,3681,1824,1481,,1374,2958,1934,,,,,,,
3693,724,3352,1185,3224,3049,1796,1573,,1463,2830,1908,,,,,,,
3784,646,3437,1111,3262,3090,1698,1483,,1375,2872,1808,,,,,,,
4178,636,3843,1198,3662,3486,1781,1572,,1468,3282,1893,,,,,,,
3977,646,3268,1101,3140,2963,1759,1539,,1428,2758,1869,,,,,,,
4225,640,3760,1085,3575,3404,1856,1462,,1353,3085,1966,,,,,,,
6319,638,5980,1111,5797,5612,1836,1491,,1381,2982,1948,,,,,,,
3791,628,3451,1081,3321,3137,1658,1451,,1345,2897,1767,,,,,,,
3823,642,3206,1109,3076,2899,1698,1473,,1365,2683,1806,,,,,,,
3938,644,3597,1107,3469,3293,1846,1568,,1464,3083,1954,,,,,,,
3798,622,3447,1198,3264,3087,1773,1566,,1456,2864,1881,,,,,,,
3855,642,3502,1105,3374,3199,1694,1485,,1375,2996,1802,,,,,,,
3847,624,3508,1229,3335,3157,1916,1694,,1588,2951,2023,,,,,,,
3669,648,3318,1114,3190,3009,1688,1479,,1372,2804,1800,,,,,,,
4814,748,4467,1227,4294,4118,1824,1603,,1493,3892,1932,,,,,,,
3473,650,3138,1117,3012,2833,1698,1483,,1377,2620,1808,,,,,,,
4044,735,3699,1206,3522,3351,1787,1574,,1464,3132,1897,,,,,,,
3713,650,3372,1113,3201,3022,1690,1479,,1371,2803,1797,,,,,,,
3715,646,3368,1123,3240,3063,1804,1586,,1479,2852,1913,,,,,,,
3715,638,3376,1109,3203,3027,1692,1477,,1369,2825,1800,,,,,,,
3736,646,3380,1107,3209,3033,1690,1471,,1363,2821,1802,,,,,,,
6559,652,6226,1117,6051,5870,1688,1481,,1371,3474,1798,,,,,,,
3664,646,3319,1121,3146,2972,1696,1483,,1375,2765,1806,,,,,,,
3708,638,3376,1091,3202,3025,1670,1453,,1345,2718,1780,,,,,,,
3462,640,3110,1122,2982,2799,1690,1481,,1376,2592,1802,,,,,,,
3566,656,3237,1127,3107,2931,1704,1489,,1383,2709,1814,,,,,,,
4135,652,3784,1133,3642,3465,1840,1499,,1391,3260,1950,,,,,,,
3697,640,3368,1103,3193,3016,1684,1466,,1361,2811,1795,,,,,,,
3805,640,3468,1114,3340,3163,1690,1479,,1369,2958,1802,,,,,,,
3821,646,3489,1119,3361,3183,1972,1483,,1373,2971,2082,,,,,,,
4205,646,3871,1107,3733,3559,2287,1672,,1566,3349,2397,,,,,,,
4002,648,3671,1103,3496,3325,1690,1469,,1357,3110,1800,,,,,,,
3906,638,3561,1099,3429,3254,1678,1460,,1355,3037,1859,,,,,,,
4168,727,3835,1180,3652,3475,1781,1562,,1454,3260,1891,,,,,,,
3595,654,3247,1117,3075,2896,1708,1490,,1381,2681,1815,,,,,,,
4597,648,3941,1127,3806,3630,1716,1493,,1385,3423,1826,,,,,,,
6800,633,6455,1107,6282,6099,1905,1474,,1363,3122,2015,,,,,,,
3894,644,3565,1099,3391,3214,1686,1461,,1357,2915,1796,,,,,,,
3579,646,3224,1103,3053,2870,1690,1481,,1371,2663,1798,,,,,,,
3463,644,3118,1097,2980,2803,1674,1458,,1353,2604,1783,,,,,,,
4396,730,4055,1187,3882,3707,1792,1568,,1457,3395,1900,,,,,,,
3821,638,3473,1296,3301,3122,1866,1657,,1552,2917,1978,,,,,,,
3524,620,3179,1083,3051,2783,1662,1457,,1345,2586,1773,,,,,,,
3784,624,3451,1079,3313,3136,1654,1446,,1339,2931,1763,,,,,,,
3751,636,3414,1105,3240,3057,1688,1479,,1371,2852,1793,,,,,,,
3591,654,3258,1115,3085,2910,1690,1482,,1373,2701,1797,,,,,,,
3619,631,3268,1099,3079,2906,1677,1470,,1365,2709,1787,,,,,,,
3657,614,3315,1069,3187,3011,1642,1430,,1325,2802,1753,,,,,,,
4205,622,3855,1087,3675,3498,1686,1461,,1351,3283,1792,,,,,,,
4270,990,3921,1451,3746,3575,2042,1820,,1713,3364,2152,,,,,,,
3581,620,3238,1097,3096,2921,1684,1471,,1361,2720,1794,,,,,,,
5632,633,5295,1097,5127,4948,1673,1458,,1354,2632,1781,,,,,,,
3545,626,3206,1095,3031,2860,1676,1461,,1355,2659,1786,,,,,,,
4048,621,3705,1070,3534,3361,1661,1452,,1344,3164,1771,,,,,,,
3500,620,3157,1083,2984,2808,1654,1447,,1339,2596,1762,,,,,,,
3710,624,3378,1089,3204,3027,1660,1451,,1347,2832,1768,,,,,,,
3688,623,3347,1084,3205,3034,1655,1450,,1342,2626,1767,,,,,,,
3588,630,3257,1089,3086,2909,1660,1453,,1347,2708,1770,,,,,,,
3535,626,3193,1089,3021,2840,1660,1452,,1347,2641,1769,,,,,,,
3571,621,3230,1085,3089,2913,1655,1448,,1343,2706,1765,,,,,,,
3481,650,3134,1111,2994,2817,1692,1476,,1369,2616,1803,,,,,,,
3813,622,3470,1077,3297,3120,1654,1440,,1335,2749,1765,,,,,,,
3686,623,3347,1086,3172,3000,1661,1448,,1340,2795,1773,,,,,,,
3764,630,3435,1076,3301,3124,1651,1446,,1338,2911,1759,,,,,,,
3652,727,3315,1164,3173,2998,1767,1548,,1442,2776,1879,,,,,,,
3868,646,3526,1109,3400,3220,1916,1473,,1369,3014,2021,,,,,,,
5614,639,5258,1088,5076,4899,1671,1456,,1346,2685,1783,,,,,,,
3583,638,3246,1093,3063,2887,1672,1465,,1355,2681,1782,,,,,,,
3896,635,3556,1097,3382,3207,1663,1456,,1350,2994,1773,,,,,,,
3756,620,3423,1079,3253,3074,1648,1439,,1335,2869,1758,,,,,,,
3654,642,3305,1093,3171,2992,1660,1456,,1345,2775,1771,,,,,,,
3947,624,3616,1077,3443,3266,1649,1442,,1333,3051,1757,,,,,,,
3884,640,3532,1111,3398,3219,1678,1471,,1363,3004,1785,,,,,,,
4180,636,3648,1097,3475,3301,1846,1458,,1353,3094,1958,,,,,,,
3629,641,3270,1109,3144,2967,1690,1482,,1377,2748,1801,,,,,,,
3743,633,3412,1094,3241,3065,1675,1468,,1356,2866,1785,,,,,,,
3526,646,3158,1117,3032,2856,1692,1485,,1377,2653,1800,,,,,,,
3786,632,3453,1097,3279,3102,1670,1463,,1355,2891,1778,,,,,,,
3902,642,3553,1107,3380,3210,1700,1487,,1375,2986,1808,,,,,,,
3877,636,3542,1097,3402,3227,1866,1470,,1359,3014,1978,,,,,,,
3933,634,3577,1097,3447,3275,1682,1463,,1359,3080,1792,,,,,,,
8056,634,7717,1095,7546,7369,2234,1797,,1635,5267,4150,,,,,,,
3715,650,3376,1115,3207,3028,1789,1497,,1389,2825,1897,,,,,,,
3524,632,3185,1093,3012,2836,1680,1468,,1363,2630,1789,,,,,,,
3817,630,3488,1101,3362,3185,1684,1473,,1363,2978,1794,,,,,,,
3687,632,3350,1103,3177,3001,1682,1475,,1367,2785,1790,,,,,,,
3741,627,3392,1096,3219,3038,1681,1466,,1362,2833,1789,,,,,,,
3879,629,3548,1091,3376,3199,1669,1462,,1355,2994,1777,,,,,,,
3534,634,3197,1099,3024,2842,1682,1475,,1367,2638,1793,,,,,,,
4177,642,3846,1112,3675,3498,2038,1483,,1376,3291,2148,,,,,,,
3790,650,3258,1119,3087,2910,1708,1495,,1385,2703,1820,,,,,,,
3583,633,3244,1097,3114,2931,1680,1472,,1361,2724,1789,,,,,,,
3719,633,3363,1113,3227,3053,1901,1688,,1582,2843,2013,,,,,,,
3794,633,3453,1092,3313,3140,1675,1468,,1356,2856,1785,,,,,,,
3719,650,3390,1121,3219,3037,1718,1513,,1406,2829,1830,,,,,,,
4010,626,3677,1097,3536,3352,1674,1467,,1361,3138,1783,,,,,,,
7178,786,6804,1286,6585,6376,2439,1726,,1598,3626,2565,,,,,,,
3697,640,3335,1095,3197,3020,1753,1479,,1371,2783,1864,,,,,,,
3546,644,3185,1107,3006,2829,1690,1478,,1373,2624,1799,,,,,,,
3549,636,3206,1089,3080,2903,1680,1465,,1361,2700,1792,,,,,,,
3486,644,3146,1099,3014,2838,1680,1473,,1361,2629,1790,,,,,,,
3766,719,3427,1182,3287,3112,1788,1570,,1459,2899,1897,,,,,,,
3662,646,3305,1123,3132,2955,1710,1501,,1391,2750,1818,,,,,,,
4030,622,3697,1272,3571,3393,1849,1640,,1536,3094,1957,,,,,,,
3492,644,3152,1097,3024,2846,1696,1479,,1371,2636,1802,,,,,,,
3470,644,3139,1103,3009,2834,1674,1469,,1361,2625,1784,,,,,,,
3770,648,3413,1109,3240,3065,1702,1491,,1379,2858,1810,,,,,,,
3492,632,3150,1084,3024,2848,1667,1460,,1355,2640,1779,,,,,,,
3701,638,3364,1091,3177,3002,1674,1463,,1353,2783,1784,,,,,,,
3835,625,3504,1086,3374,3193,1673,1454,,1350,2984,1779,,,,,,,
3530,642,3197,1111,3023,2848,1694,1485,,1377,2637,1800,,,,,,,
5744,640,5401,1099,5228,5054,1676,1468,,1363,2730,1783,,,,,,,
3796,636,3447,1097,3274,3091,1852,1470,,1361,2886,1960,,,,,,,
3575,636,3223,1091,3051,2868,1667,1458,,1355,2665,1777,,,,,,,
3890,636,3552,1095,3380,3201,1684,1470,,1361,3000,1793,,,,,,,
3508,637,3177,1084,3000,2829,1667,1454,,1350,2624,1775,,,,,,,
3498,636,3149,1097,3021,2844,1690,1479,,1367,2637,1800,,,,,,,
3569,634,3230,1089,3086,2913,1672,1465,,1357,2696,1781,,,,,,,
3516,640,3183,1099,3055,2878,1690,1471,,1363,2673,1798,,,,,,,
3528,626,3197,1071,3025,2850,1670,1453,,1345,2639,1778,,,,,,,
3573,642,3230,1093,3060,2881,1690,1475,,1370,2663,1798,,,,,,,
3599,633,3270,1078,3097,2921,1665,1448,,1342,2715,1773,,,,,,,
3624,638,3293,1093,3151,2974,1690,1465,,1355,2769,1798,,,,,,,
3936,635,3603,1074,3475,3298,1653,1448,,1340,3085,1763,,,,,,,
3691,656,3344,1109,3216,3041,1702,1479,,1375,2828,1810,,,,,,,
3738,634,3399,1083,3269,3092,1662,1447,,1339,2879,1772,,,,,,,
5679,628,5332,1072,5159,4989,1668,1444,,1336,2614,1779,,,,,,,
3538,628,3185,1072,3012,2842,1649,1440,,1336,2636,1757,,,,,,,
4523,784,4176,1273,4040,3859,2053,1749,,1598,3481,2193,,,,,,,
3734,652,3380,1121,3206,3029,1711,1493,,1386,2805,1818,,,,,,,
3531,634,3185,1095,3047,2872,1684,1475,,1367,2647,1794,,,,,,,
4081,632,3735,1087,3563,3384,1668,1458,,1353,2850,1779,,,,,,,
3935,634,3593,1105,3461,3287,1682,1475,,1369,3077,1792,,,,,,,
3805,642,3457,1103,3283,3106,1690,1473,,1367,2897,1800,,,,,,,
3758,642,3417,1109,3246,3067,1694,1479,,1375,2854,1804,,,,,,,
3835,632,3484,1087,3348,3171,1664,1457,,1353,2954,1774,,,,,,,
4117,643,3782,1115,3652,3475,1698,1482,,1381,3256,1809,,,,,,,
3747,642,3400,1099,3272,3095,1923,1466,,1361,2882,2031,,,,,,,
3675,634,3329,1105,3201,3027,1682,1475,,1371,2811,1794,,,,,,,
3800,636,3453,1089,3325,3148,1670,1456,,1351,2937,1779,,,,,,,
3941,632,3592,1105,3456,3281,1686,1475,,1367,3063,1796,,,,,,,
5487,630,5152,1075,4969,4786,1642,1436,,1331,2694,1753,,,,,,,
3829,636,3478,1095,3297,3118,1678,1467,,1359,2909,1790,,,,,,,
3910,638,3569,1107,3388,3213,1690,1477,,1373,3008,1796,,,,,,,
3557,644,3212,1113,3031,2856,1705,1491,,1386,2637,1816,,,,,,,
4385,629,4038,1091,3865,3695,1820,1470,,1367,3479,1927,,,,,,,
3734,632,3387,1103,3252,3076,1674,1465,,1361,2871,1782,,,,,,,
3823,627,3483,1078,3311,3130,1722,1448,,1344,2927,1830,,,,,,,
4105,629,3766,1084,3628,3455,1669,1452,,1349,3248,1860,,,,,,,
3688,635,3351,1084,3211,3036,1651,1444,,1340,2793,1761,,,,,,,
3669,648,3315,1120,3188,3015,1699,1491,,1384,2643,1808,,,,,,,
3878,632,3538,1087,3364,3189,1672,1458,,1353,2984,1781,,,,,,,
3679,644,3334,1101,3206,3023,1690,1479,,1373,2814,1798,,,,,,,
4050,632,3725,1077,3593,3419,1660,1452,,1347,3203,1769,,,,,,,
4201,644,3854,1099,3663,3490,1696,1487,,1382,3281,1804,,,,,,,
3642,634,3305,1078,3164,2990,1645,1438,,1334,2781,1755,,,,,,,
6098,660,5761,1128,5578,5393,1719,1503,,1396,3035,1830,,,,,,,
3713,646,3366,1107,3193,3019,1676,1469,,1361,2807,1784,,,,,,,
3719,644,3382,1117,3246,3069,1718,1503,,1395,2856,1826,,,,,,,
4382,634,4043,1099,3913,3736,1684,1469,,1365,3531,1796,,,,,,,
3965,730,3628,1166,3498,3317,1778,1558,,1453,3098,1887,,,,,,,
3957,646,3626,1097,3445,3271,1688,1473,,1369,3059,1800,,,,,,,
3959,650,3605,1131,3424,3250,1804,1521,,1407,3026,1913,,,,,,,
3957,642,3610,1099,3474,3299,1686,1475,,1372,3092,1794,,,,,,,
3811,650,3466,1128,3293,3118,1725,1514,,1406,2907,1835,,,,,,,
3474,636,3137,1099,3011,2828,1690,1473,,1369,2610,1798,,,,,,,
3508,646,3177,1107,3051,2868,1711,1499,,1390,2659,1822,,,,,,,
4568,725,4225,1170,4097,3914,1790,1560,,1450,3695,1899,,,,,,,
3933,630,3579,1107,3449,3274,1688,1479,,1373,3057,1798,,,,,,,
3896,630,3545,1091,3403,3222,1660,1450,,1347,3015,1771,,,,,,,
3793,634,3447,1095,3258,3082,1682,1463,,1357,2875,1790,,,,,,,
5709,635,5372,1082,5187,5011,1655,1444,,1340,2780,1763,,,,,,,
4143,633,3804,1097,3629,3457,1913,1472,,1365,3116,2021,,,,,,,
3809,636,3476,1083,3303,3124,1654,1444,,1339,2913,1763,,,,,,,
3764,638,3417,1099,3289,3112,1672,1463,,1357,2907,1781,,,,,,,
3662,636,3329,1085,3203,3026,1655,1444,,1338,2819,1763,,,,,,,
3695,636,3362,1093,3189,3011,1674,1459,,1353,2807,1784,,,,,,,
4044,815,3703,1258,3559,3384,1838,1627,,1522,3171,1950,,,,,,,
3484,636,3153,1095,3023,2852,1686,1477,,1371,2647,1796,,,,,,,
3560,631,3229,1082,3095,2919,1678,1462,,1355,2713,1787,,,,,,,
4263,790,3930,1237,3750,3573,1836,1617,,1509,3368,1944,,,,,,,
3978,626,3638,1081,3508,3332,1670,1461,,1353,3120,1776,,,,,,,
3792,645,3443,1098,3260,3083,1698,1482,,1375,2874,1807,,,,,,,
3874,634,3525,1087,3397,3222,1697,1467,,1361,3003,1806,,,,,,,
3890,632,3551,1079,3372,3193,1678,1463,,1355,2976,1786,,,,,,,
3828,639,3489,1155,3361,3183,1738,1533,,1425,2971,1850,,,,,,,
5998,635,5659,1080,5478,5295,1684,1466,,1359,3055,1793,,,,,,,
3826,637,3477,1084,3294,3111,1671,1462,,1354,2904,1781,,,,,,,
3801,636,3454,1097,3281,3106,1686,1471,,1365,2893,1796,,,,,,,
3861,619,3522,1070,3351,3168,1665,1442,,1336,2963,1775,,,,,,,
3754,620,3405,1075,3269,3098,1674,1449,,1341,2885,1784,,,,,,,
3999,623,3662,1068,3530,3355,1653,1444,,1334,3140,1759,,,,,,,
3709,730,3368,1191,3244,3066,1806,1583,,1471,2864,1912,,,,,,,
4294,636,3937,1091,3762,3588,1668,1455,,1351,3376,1778,,,,,,,
3721,646,3382,1107,3246,3069,1692,1476,,1369,2870,1801,,,,,,,
3587,627,3246,1084,3120,2939,1674,1458,,1349,2738,1783,,,,,,,
3831,640,3478,1103,3307,3126,1700,1483,,1377,2913,1808,,,,,,,
3732,630,3382,1075,3212,3039,1664,1457,,1351,2826,1773,,,,,,,
3790,623,3449,1086,3309,3132,1667,1460,,1353,2921,1775,,,,,,,
3597,625,3248,1066,3067,2888,1645,1436,,1330,2685,1755,,,,,,,
4194,633,3847,1103,3674,3499,1692,1478,,1371,3296,1803,,,,,,,
5669,634,5316,1079,5141,4966,1657,1450,,1345,2659,1771,,,,,,,
3725,645,3369,1105,3229,3052,1700,1484,,1373,2851,1811,,,,,,,
3618,623,3274,1083,3100,2925,1680,1466,,1359,2718,1789,,,,,,,
3713,636,3372,1099,3201,3024,1692,1476,,1369,2823,1804,,,,,,,
3762,626,3400,1087,3230,3053,1670,1452,,1347,2846,1777,,,,,,,
3614,624,3252,1087,3080,2909,1688,1465,,1359,2696,1796,,,,,,,
3902,625,3546,1080,3408,3236,1667,1452,,1346,2961,1777,,,,,,,
3530,634,3185,1095,3002,2828,1678,1463,,1355,2620,1788,,,,,,,
3568,635,3229,1090,3057,2880,1673,1458,,1354,2679,1781,,,,,,,
3473,625,3138,1078,3010,2831,1674,1460,,1353,2620,1783,,,,,,,
3588,628,3250,1083,3076,2903,1660,1453,,1345,2688,1770,,,,,,,
3460,636,3122,1093,2982,2808,1674,1467,,1359,2602,1782,,,,,,,
3508,635,3170,1092,2992,2815,1671,1462,,1357,2604,1779,,,,,,,
3575,629,3240,1099,3104,2925,1684,1468,,1365,2724,1795,,,,,,,
3823,632,3474,1093,3295,3120,1678,1461,,1355,2915,1786,,,,,,,
5553,633,5196,1101,5013,4832,1690,1470,,1367,2659,1799,,,,,,,
3612,626,3267,1089,3084,2913,1680,1467,,1359,2708,1790,,,,,,,
3546,634,3199,1113,3071,2894,1710,1495,,1385,2669,1818,,,,,,,
4010,648,3663,1128,3490,3321,1703,1497,,1392,3116,1814,,,,,,,
3516,634,3175,1111,3037,2860,1702,1487,,1381,2642,1814,,,,,,,
3496,622,3163,1103,3037,2860,1682,1473,,1365,2653,1792,,,,,,,
3727,640,3380,1111,3207,3031,1696,1481,,1377,2807,1804,,,,,,,
3585,627,3246,1090,3075,2898,1667,1462,,1352,2691,1779,,,,,,,
4282,825,3920,1343,3764,3548,2147,1826,,1688,3256,2283,,,,,,,
3830,643,3483,1105,3357,3178,1696,1480,,1377,2961,1801,,,,,,,
3670,636,3329,1117,3199,3030,1716,1501,,1393,2819,1828,,,,,,,
3607,629,3268,1097,3140,2961,1688,1480,,1371,2748,1799,,,,,,,
3961,625,3623,1099,3495,3313,2179,1478,,1373,3099,2285,,,,,,,
3625,629,3284,1102,3156,2981,1696,1472,,1367,2772,1805,,,,,,,
3560,646,3215,1113,3075,2898,1714,1495,,1385,2691,1824,,,,,,,
5733,626,5393,1091,5223,5040,1682,1467,,1359,2921,1790,,,,,,,
3957,650,3619,1129,3430,3256,1724,1517,,1407,3049,1836,,,,,,,
3789,728,3449,1189,3321,3137,1806,1577,,1469,2929,1916,,,,,,,
3965,638,3620,1116,3443,3269,1703,1493,,1390,2958,1814,,,,,,,
3902,617,3563,1080,3435,3258,1678,1458,,1353,3053,1783,,,,,,,
3648,636,3307,1099,3134,2956,1696,1483,,1373,2748,1806,,,,,,,
3691,625,3351,1084,3221,3045,1676,1466,,1357,2833,1785,,,,,,,
3469,636,3122,1105,2994,2813,1690,1474,,1369,2610,1801,,,,,,,
3477,623,3138,1078,3008,2831,1657,1450,,1344,2622,1767,,,,,,,
3872,640,3533,1109,3403,3228,1707,1489,,1382,3009,1818,,,,,,,
3628,636,3291,1099,3163,2986,1676,1467,,1361,2773,1784,,,,,,,
3581,648,3254,1111,3081,2903,1698,1491,,1383,2693,1810,,,,,,,
3491,644,3152,1103,2979,2805,1671,1464,,1359,2598,1781,,,,,,,
3528,650,3197,1111,3067,2892,1708,1495,,1387,2683,1820,,,,,,,
3756,636,3419,1099,3291,3114,1666,1459,,1355,2905,1775,,,,,,,
5405,644,5076,1115,4902,4719,1715,1499,,1388,2681,1824,,,,,,,
3634,642,3307,1113,3128,2951,1696,1481,,1375,2748,1806,,,,,,,
3557,666,3226,1136,3053,2878,1741,1517,,1412,2673,1848,,,,,,,
3683,835,3352,1298,3218,3041,1898,1690,,1581,2836,2005,,,,,,,
3521,644,3187,1112,3055,2881,1731,1502,,1398,2678,1841,,,,,,,
3474,640,3145,1093,3009,2832,1693,1483,,1378,2627,1800,,,,,,,
3524,646,3185,1107,3012,2836,1704,1489,,1381,2637,1814,,,,,,,
3581,628,3242,1087,3069,2892,1676,1467,,1361,2695,1785,,,,,,,
3652,644,3315,1119,3144,2966,1720,1507,,1395,2762,1830,,,,,,,
3794,646,3453,1115,3325,3155,1712,1495,,1389,2956,1822,,,,,,,
4525,814,4162,1306,3989,3772,1988,1726,,1594,3430,2110,,,,,,,
3601,642,3252,1101,3079,2898,1690,1483,,1373,2675,1799,,,,,,,
4042,631,3703,1103,3530,3357,1706,1497,,1389,3144,1814,,,,,,,
3514,642,3175,1101,3047,2873,1703,1495,,1388,2665,1812,,,,,,,
3594,642,3254,1111,3082,2905,1696,1489,,1384,2696,1806,,,,,,,
5645,642,5306,1091,5135,4960,1676,1467,,1363,2714,1784,,,,,,,
3589,638,3248,1105,3075,2907,1702,1487,,1377,2695,1810,,,,,,,
3529,650,3188,1108,3060,2883,1701,1487,,1382,2678,1812,,,,,,,
3657,644,3317,1107,3145,2968,1709,1502,,1392,2690,1820,,,,,,,
3599,625,3260,1076,3087,2910,1677,1462,,1356,2705,1785,,,,,,,
3803,636,3449,1097,3276,3100,1698,1487,,1375,2895,1810,,,,,,,
4046,617,3701,1080,3571,3396,1675,1468,,1358,3189,1781,,,,,,,
3718,632,3370,1103,3234,3060,1695,1487,,1380,2850,1806,,,,,,,
3894,629,3544,1091,3410,3238,1684,1474,,1371,3020,1795,,,,,,,
3941,634,3601,1105,3474,3297,1714,1499,,1389,3088,1820,,,,,,,
4030,630,3679,1083,3508,3336,1674,1467,,1363,3126,1782,,,,,,,
3800,638,3461,1113,3319,3146,1710,1501,,1391,2941,1818,,,,,,,
3835,632,3494,1101,3364,3194,1701,1487,,1380,2988,1808,,,,,,,
3843,646,3504,1105,3323,3151,1707,1495,,1384,2946,1818,,,,,,,
3623,625,3284,1078,3156,2981,1675,1466,,1359,2774,1781,,,,,,,
5556,632,5207,1105,5034,4851,1699,1489,,1386,2826,1810,,,,,,,
3776,640,3429,1101,3258,3081,1704,1485,,1381,2876,1810,,,,,,,
3809,646,3469,1115,3339,3010,1721,1505,,1402,2805,1830,,,,,,,
3782,629,3434,1088,3264,3091,1688,1482,,1375,2886,1799,,,,,,,
3719,650,3369,1119,3244,3065,1718,1505,,1399,2860,1828,,,,,,,
4170,646,3815,1103,3636,3457,1698,1493,,1386,3252,1810,,,,,,,
4246,644,3905,1116,3730,3553,1715,1506,,1398,3346,1823,,,,,,,
3715,640,3362,1105,3228,3055,1696,1487,,1383,2850,1806,,,,,,,
3719,643,3369,1119,3243,3065,1720,1513,,1401,2847,1828,,,,,,,
4182,626,3841,1099,3670,3492,1708,1493,,1383,3284,1816,,,,,,,
3914,640,3583,1121,3441,3264,1716,1507,,1400,3057,1824,,,,,,,
3725,624,3380,1087,3199,3023,1690,1477,,1367,2813,1802,,,,,,,
13468,650,3283,1134,3153,2976,1721,1512,,1406,2759,1829,,,,,,,
3971,664,3624,1129,3447,3270,1741,1517,,1407,3043,1848,,,,,,,
3644,642,3296,1121,3126,2947,1730,1511,,1403,2746,1840,,,,,,,
5879,638,5527,1093,5344,5162,1688,1479,,1371,2913,1794,,,,,,,
3798,634,3459,1103,3331,3157,1712,1495,,1387,2951,1822,,,,,,,
3997,623,3664,1072,3492,3317,1670,1462,,1355,3102,1779,,,,,,,
4375,632,4032,1097,3845,3669,2044,1489,,1381,3465,2155,,,,,,,
3881,717,3550,1196,3408,3233,1785,1572,,1460,3014,1895,,,,,,,
4140,634,3799,1087,3618,3439,1881,1457,,1353,3236,1993,,,,,,,
4214,645,3867,1098,3694,3524,1690,1474,,1367,3313,1797,,,,,,,
3874,632,3539,1105,3356,3179,1711,1499,,1390,2976,1914,,,,,,,
4735,725,4394,1195,4223,4043,1800,1583,,1475,3823,1908,,,,,,,
4077,648,3722,1112,3594,3415,2030,1487,,1378,3185,2139,,,,,,,
4089,633,3743,1080,3571,3400,1665,1450,,1346,3091,1860,,,,,,,
3979,644,3642,1097,3504,3327,1773,1470,,1363,3116,1881,,,,,,,
3756,644,3421,1089,3291,3120,1662,1452,,1345,2911,1859,,,,,,,
4024,646,3687,1113,3559,3388,1692,1477,,1371,3012,1802,,,,,,,
4038,652,3707,1115,3532,3361,1931,1484,,1379,3160,2039,,,,,,,
6752,650,6408,1113,6234,6057,1895,1489,,1383,3601,2004,,,,,,,
3974,630,3634,1085,3460,3287,1920,1459,,1353,3080,2028,,,,,,,
3918,646,3581,1107,3408,3236,1700,1485,,1379,3037,1810,,,,,,,
3953,636,3620,1089,3492,3319,1780,1465,,1359,3122,1891,,,,,,,
3709,645,3369,1109,3241,3069,1706,1486,,1379,2868,1811,,,,,,,
3977,631,3644,1086,3514,3341,1671,1460,,1357,3134,1777,,,,,,,
3814,646,3481,1109,3309,3140,1700,1489,,1385,2917,1810,,,,,,,
3474,632,3132,1087,2996,2818,1676,1461,,1357,2608,1784,,,,,,,
3890,638,3559,1093,3376,3203,1676,1470,,1365,3002,1787,,,,,,,
3697,620,3356,1075,3185,3013,1660,1451,,1345,2807,1770,,,,,,,
3811,638,3470,1093,3328,3155,1682,1475,,1368,2952,1790,,,,,,,
4030,624,3691,1075,3561,3390,1670,1457,,1349,3175,1778,,,,,,,
3669,638,3319,1089,3189,3015,1682,1467,,1361,2808,1790,,,,,,,
3668,652,3323,1105,3195,3023,1688,1481,,1375,2813,1798,,,,,,,
3863,737,3514,1200,3384,3205,1808,1592,,1481,2965,1919,,,,,,,
6646,647,6280,1115,6107,5923,1882,1497,,1391,3134,1992,,,,,,,
3784,634,3445,1107,3311,3132,1706,1491,,1385,2913,1814,,,,,,,
3963,625,3607,1080,3439,3264,1779,1458,,1351,3051,1889,,,,,,,
9547,648,9208,1132,9021,8846,1717,1508,,1404,8625,1828,,,,,,,
4227,633,3875,1101,3703,3526,1714,1507,,1401,3321,1824,,,,,,,
3906,638,3577,1101,3397,3220,1703,1485,,1382,3007,1814,,,,,,,
4006,642,3671,1118,3541,3364,1707,1497,,1390,3159,1818,,,,,,,
3799,646,3449,1117,3323,3145,1704,1495,,1390,2943,1814,,,,,,,
4257,1048,3924,1503,3798,3622,2289,2082,,1978,3404,2399,,,,,,,
4005,635,3479,1092,3349,3174,1681,1470,,1367,2975,1787,,,,,,,
4410,640,4070,1091,3898,3721,1862,1649,,1541,3500,1972,,,,,,,
3685,638,3340,1109,3210,3033,1701,1487,,1380,2826,1808,,,,,,,
3792,622,3449,1077,3323,3144,1826,1613,,1349,2939,1936,,,,,,,
3843,624,3498,1317,3372,3193,1918,1698,,1593,2984,2025,,,,,,,
3979,627,3638,1089,3510,3331,1942,1462,,1355,3126,2053,,,,,,,
6433,636,6092,1111,5917,5742,1706,1495,,1385,2962,1814,,,,,,,
4128,646,3788,1349,3614,3433,1942,1727,,1623,3228,2052,,,,,,,
4331,648,3992,1109,3821,3421,1698,1481,,1375,3216,1808,,,,,,,
3575,646,3225,1107,3040,2866,1677,1472,,1365,2659,1785,,,,,,,
3733,645,3386,1113,3213,3036,1698,1486,,1381,2837,1813,,,,,,,
3699,642,3362,1105,3234,3055,1676,1469,,1365,2844,1784,,,,,,,
3589,646,3248,1221,3110,2929,1802,1594,,1483,2728,1913,,,,,,,
3847,632,3506,1095,3337,3157,1678,1467,,1361,2955,1785,,,,,,,
3721,660,3388,1129,3262,3091,1712,1505,,1395,2884,1822,,,,,,,
3766,630,3425,1095,3299,3127,1680,1463,,1355,2915,1786,,,,,,,
3877,654,3540,1127,3365,3197,1714,1505,,1401,2988,1824,,,,,,,
3780,637,3439,1101,3256,3085,1673,1464,,1359,2709,1779,,,,,,,
3932,642,3577,1109,3451,3274,1696,1479,,1371,3055,1804,,,,,,,
3624,652,3282,1107,3148,2972,1682,1471,,1365,2764,1787,,,,,,,
3648,658,3303,1127,3175,2998,1708,1493,,1389,2793,1818,,,,,,,
6331,625,5777,1188,5602,5425,1761,1546,,1442,2776,1871,,,,,,,
3719,732,3382,1193,3210,3035,1796,1574,,1463,2820,1908,,,,,,,
3672,633,3325,1090,3189,3012,1679,1470,,1365,2809,1785,,,,,,,
3555,636,3207,1109,3071,2899,1714,1493,,1387,2694,1824,,,,,,,
3744,628,3403,1089,3267,3090,1684,1471,,1367,2885,1792,,,,,,,
3743,644,3402,1121,3207,3032,1714,1499,,1389,2819,1822,,,,,,,
3719,637,3378,1092,3201,3028,1675,1468,,1365,2823,1785,,,,,,,
4024,648,3691,1118,3555,3378,1707,1501,,1394,3175,1818,,,,,,,
3514,644,3170,1103,3043,2866,1694,1485,,1379,2661,1801,,,,,,,
3680,639,3339,1109,3211,3034,1815,1488,,1381,2815,1927,,,,,,,
3670,641,3333,1088,3189,3014,1679,1470,,1365,2807,1789,,,,,,,
3597,626,3246,1099,3110,2929,1694,1475,,1369,2716,1800,,,,,,,
3646,625,3299,1089,3126,2947,1676,1466,,1359,2742,1785,,,,,,,
4201,636,3845,1109,3671,3500,1692,1483,,1379,3086,1800,,,,,,,
3969,724,3618,1177,3482,3307,1772,1558,,1447,3088,1883,,,,,,,
5681,640,5342,1115,5171,4989,1696,1479,,1375,2707,1804,,,,,,,
3786,625,3447,1080,3274,3097,1647,1438,,1332,2892,1753,,,,,,,
3605,636,3262,1099,3083,2909,1686,1469,,1365,2699,1794,,,,,,,
3863,644,3526,1107,3398,3222,1688,1477,,1373,2929,1798,,,,,,,
3762,644,3421,1105,3281,3100,1696,1477,,1367,2876,1802,,,,,,,
3867,619,3526,1082,3390,3213,1653,1444,,1336,3008,1763,,,,,,,
3504,646,3163,1115,3033,2856,1694,1479,,1375,2659,1804,,,,,,,
3549,636,3216,1097,3047,2868,1680,1461,,1357,2665,1786,,,,,,,
3516,648,3175,1118,3049,2877,1705,1487,,1384,2675,1816,,,,,,,
3481,617,3144,1080,3014,2837,1657,1450,,1344,2624,1765,,,,,,,
3715,644,3378,1113,3239,3061,1694,1487,,1381,2825,1803,,,,,,,
3685,638,3333,1103,3161,2986,1690,1473,,1367,2775,1800,,,,,,,
4047,630,3689,1111,3551,3372,1704,1497,,1384,3007,1814,,,,,,,
3533,636,3194,1110,3055,2881,1690,1483,,1376,2674,1800,,,,,,,
3981,644,3634,1123,3504,3333,1714,1505,,1397,3116,1822,,,,,,,
7498,632,7148,1097,6967,6785,1678,1469,,1361,2641,1788,,,,,,,
3537,644,3201,1109,3021,2836,1704,1489,,1383,2633,1814,,,,,,,
15360,624,14958,1105,14708,14456,1694,1485,,1379,14058,1802,,,,,,,
3671,652,3315,1119,3144,2966,1729,1505,,1396,2756,1838,,,,,,,
3692,645,3345,1113,3162,2987,1694,1482,,1379,2774,1803,,,,,,,
3607,646,3266,1113,3097,2921,1700,1481,,1375,2716,1806,,,,,,,
7835,644,7493,1097,7306,7130,1674,1465,,1359,6912,1783,,,,,,,
3516,640,3175,1119,3049,2872,1706,1493,,1385,2661,1816,,,,,,,
3493,650,3162,1121,3034,2857,1700,1492,,1383,2644,1809,,,,,,,
3589,630,3260,1093,3088,2911,1674,1465,,1359,2694,1784,,,,,,,
3571,627,3234,1078,3097,2915,1657,1448,,1344,2697,1765,,,,,,,
3522,625,3181,1088,3002,2827,1673,1462,,1350,2618,1779,,,,,,,
3730,852,3389,1323,3252,3078,1908,1692,,1587,2856,2015,,,,,,,
3522,630,3185,1099,3014,2836,1690,1473,,1365,2626,1798,,,,,,,
3780,625,3440,1100,3315,3138,1679,1472,,1365,2925,1785,,,,,,,
5421,632,5074,1097,4903,4727,1678,1468,,1361,2628,1789,,,,,,,
3597,627,3258,1090,3085,2908,1675,1460,,1356,2703,1785,,,,,,,
4063,626,3725,1099,3551,3374,1676,1467,,1359,3165,1786,,,,,,,
3770,632,3431,1107,3305,3128,1692,1477,,1371,2923,1800,,,,,,,
3559,644,3219,1115,3047,2872,1708,1491,,1387,2671,1818,,,,,,,
3656,632,3323,1101,3193,3016,1688,1473,,1363,2813,1798,,,,,,,
3734,636,3397,1097,3267,3090,1692,1477,,1369,2877,1806,,,,,,,
3607,629,3268,1095,3138,2961,1671,1466,,1359,2756,1783,,,,,,,
3883,631,3542,1111,3414,3242,1692,1485,,1375,3034,1797,,,,,,,
3612,640,3271,1110,3098,2925,1688,1479,,1374,2718,1796,,,,,,,
3671,640,3321,1113,3149,2974,1696,1489,,1379,2765,1806,,,,,,,
3959,636,3618,1093,3488,3311,1674,1467,,1359,3100,1785,,,,,,,
3594,638,3254,1101,3112,2936,1694,1487,,1376,2732,1804,,,,,,,
3601,633,3258,1092,3077,2900,1671,1460,,1357,2691,1777,,,,,,,
3694,633,3353,1105,3181,3006,1704,1491,,1379,2791,1816,,,,,,,
5507,642,5166,1097,4993,4815,1686,1477,,1370,2708,1794,,,,,,,
3713,642,3372,1121,3189,3012,1712,1503,,1393,2805,1824,,,,,,,
3854,640,3512,1109,3386,3202,1694,1485,,1378,2994,1802,,,,,,,
3528,650,3193,1113,3051,2876,1722,1501,,1393,2653,1832,,,,,,,
3567,624,3234,1087,3053,2880,1678,1469,,1363,2673,1785,,,,,,,
3998,748,3352,1217,3202,3021,1824,1609,,1497,2809,1934,,,,,,,
3597,638,3248,1082,3075,2898,1661,1454,,1346,2683,1771,,,,,,,
3569,646,3213,1101,3032,2854,1682,1468,,1359,2640,1789,,,,,,,
3673,632,3323,1077,3150,2974,1658,1448,,1341,2758,1767,,,,,,,
3766,652,3416,1109,3288,3104,1690,1485,,1373,2888,1802,,,,,,,
3636,630,3286,1087,3116,2941,1666,1458,,1351,2736,1777,,,,,,,
3504,638,3161,1091,3031,2856,1686,1479,,1371,2622,1798,,,,,,,
3651,707,3320,1172,3194,3021,1782,1565,,1459,2795,1892,,,,,,,
3469,650,3126,1103,2988,2809,1688,1474,,1367,2602,1799,,,,,,,
3577,639,3225,1090,3099,2922,1679,1464,,1352,2715,1787,,,,,,,
5657,632,5310,1101,5137,4956,1796,1475,,1367,2848,1909,,,,,,,
3608,628,3263,1081,3135,2958,1666,1451,,1347,2753,1776,,,,,,,
3610,632,3270,1085,3142,2966,1682,1475,,1363,2755,1792,,,,,,,
3534,636,3197,1091,3069,2884,1700,1483,,1375,2679,1806,,,,,,,
3694,627,3359,1090,3229,3053,1684,1474,,1367,2845,1793,,,,,,,
4186,729,3847,1192,3705,3536,1810,1586,,1479,3307,1918,,,,,,,
3880,634,3529,1105,3356,3185,1703,1487,,1378,2980,1812,,,,,,,
3825,681,3478,1125,3348,3179,1706,1499,,1392,2872,1814,,,,,,,
3553,638,3208,1099,3080,2909,1676,1469,,1359,2698,1788,,,,,,,
3766,638,3416,1087,3290,3118,1676,1468,,1359,2736,1785,,,,,,,
3859,639,3508,1101,3382,3207,1686,1480,,1369,3004,1795,,,,,,,
3485,625,3136,1078,3006,2833,1661,1452,,1346,2630,1771,,,,,,,
3583,638,3234,1097,3061,2888,1692,1485,,1377,2661,1802,,,,,,,
3835,638,3496,1091,3366,3195,1680,1471,,1365,2988,1785,,,,,,,
3504,638,3163,1099,3035,2862,1674,1466,,1359,2653,1783,,,,,,,
5782,652,5433,1107,5262,5088,1692,1478,,1367,2780,1801,,,,,,,
3617,644,3264,1101,3089,2921,1700,1493,,1387,2703,1810,,,,,,,
3563,636,3216,1091,3043,2870,1660,1452,,1347,2651,1769,,,,,,,
3825,648,3486,1105,3313,3141,1692,1485,,1375,2935,1800,,,,,,,
3489,639,3150,1103,3006,2829,1708,1495,,1389,2616,1818,,,,,,,
3465,631,3124,1086,2994,2817,1667,1458,,1350,2612,1777,,,,,,,
3609,631,3262,1088,3132,2959,1685,1468,,1360,2748,1791,,,,,,,
3673,726,3338,1187,3198,3021,1798,1581,,1475,2795,1912,,,,,,,
3569,648,3207,1105,3037,2860,1694,1487,,1379,2643,1802,,,,,,,
9055,644,8702,1091,8515,8340,1678,1463,,1357,8127,1788,,,,,,,
3736,638,3387,1093,3216,3039,1694,1479,,1369,2818,1804,,,,,,,
3766,638,3417,1095,3246,3066,1682,1467,,1363,2856,1790,,,,,,,
3624,636,3277,1087,3147,2972,1672,1461,,1351,2771,1782,,,,,,,
3526,644,3177,1099,3035,2860,1686,1479,,1373,2649,1798,,,,,,,
3658,638,3311,1091,3183,3006,1678,1468,,1365,2795,1787,,,,,,,
5736,635,5387,1090,5216,5031,1675,1460,,1352,2971,1785,,,,,,,
3573,638,3228,1095,3055,2884,1682,1467,,1359,2679,1790,,,,,,,
3559,634,3212,1091,3086,2905,1690,1475,,1365,2704,1802,,,,,,,
3529,626,3175,1079,3049,2868,1666,1455,,1345,2665,1776,,,,,,,
3554,627,3205,1086,3034,2856,1675,1460,,1352,2652,1783,,,,,,,
3878,636,3529,1097,3401,3224,1676,1467,,1361,3009,1784,,,,,,,
3640,628,3293,1091,3165,2986,1676,1467,,1357,2749,1786,,,,,,,
3618,626,3266,1091,3140,2960,1674,1465,,1355,2756,1784,,,,,,,
3606,624,3252,1087,3127,2950,1668,1461,,1351,2745,1776,,,,,,,
3900,826,3559,1290,3420,3242,1875,1661,,1554,3036,1980,,,,,,,
3577,634,3240,1099,3112,2935,1680,1471,,1365,2722,1789,,,,,,,
3691,628,3348,1091,3179,2998,1668,1461,,1355,2787,1782,,,,,,,
3550,627,3209,1093,3036,2858,1673,1468,,1357,2659,1785,,,,,,,
3546,623,3205,1086,3034,2856,1665,1458,,1351,2644,1773,,,,,,,
3531,642,3191,1107,3061,2885,1696,1483,,1373,2677,1804,,,,,,,
5815,630,5460,1083,5289,5111,1662,1456,,1349,3077,1773,,,,,,,
3569,644,3209,1103,3069,2891,1680,1469,,1363,2677,1788,,,,,,,
3551,636,3203,1087,3031,2854,1670,1456,,1353,2626,1779,,,,,,,
3530,650,3183,1113,3045,2868,1698,1491,,1385,2673,1808,,,,,,,
3790,635,3451,1096,3278,3101,1686,1472,,1361,2892,1795,,,,,,,
3713,635,3369,1098,3241,3063,1683,1474,,1367,2847,1791,,,,,,,
3682,638,3345,1107,3171,2994,1674,1468,,1363,2777,1785,,,,,,,
3523,634,3179,1095,3047,2871,1682,1469,,1365,2665,1792,,,,,,,
3502,624,3163,1083,3037,2864,1662,1451,,1347,2647,1770,,,,,,,
4464,851,4105,1393,3900,3698,2242,1862,,1724,3424,2374,,,,,,,
3608,632,3264,1083,3122,2948,1682,1469,,1359,2736,1794,,,,,,,
3510,633,3170,1099,3028,2852,1690,1482,,1373,2636,1801,,,,,,,
3581,634,3224,1107,3051,2882,1698,1483,,1379,2681,1808,,,,,,,
3552,637,3197,1111,3067,2890,1706,1491,,1387,2673,1816,,,,,,,
3569,635,3225,1097,3099,2925,1686,1478,,1373,2711,1797,,,,,,,
5908,647,5567,1121,5395,5212,1712,1503,,1397,2996,1820,,,,,,,
3662,634,3313,1115,3142,2964,1700,1485,,1379,2760,1810,,,,,,,
3545,644,3199,1115,3019,2842,1704,1495,,1389,2631,1810,,,,,,,
3492,632,3139,1087,3002,2826,1672,1465,,1359,2621,1782,,,,,,,
3490,634,3141,1095,3003,2826,1686,1477,,1372,2627,1794,,,,,,,
3762,634,3425,1097,3250,3080,1682,1467,,1363,2875,1790,,,,,,,
3987,640,3640,1105,3467,3283,1765,1483,,1377,2962,1871,,,,,,,
3552,634,3211,1095,3030,2852,1684,1468,,1361,2653,1793,,,,,,,
3500,634,3151,1095,3023,2842,1682,1475,,1371,2637,1790,,,,,,,
3596,634,3256,1083,3074,2897,1658,1449,,1345,2698,1766,,,,,,,
3709,644,3366,1107,3222,3047,1692,1485,,1381,2846,1802,,,,,,,
3713,733,3382,1194,3252,3077,1807,1586,,1480,2862,1915,,,,,,,
3736,646,3376,1110,3238,3058,1709,1502,,1396,2854,1820,,,,,,,
3770,638,3433,1076,3254,3081,1661,1454,,1349,2880,1773,,,,,,,
3804,634,3459,1105,3331,3154,1708,1495,,1385,2856,1818,,,,,,,
5842,627,5494,1086,5317,5137,1671,1464,,1359,3028,1781,,,,,,,
3827,642,3477,1107,3305,3122,1702,1493,,1385,2917,1812,,,,,,,
3589,640,3244,1093,3108,2931,1682,1469,,1365,2716,1790,,,,,,,
3825,646,3471,1107,3327,3152,1714,1497,,1387,2929,1822,,,,,,,
3603,646,3256,1111,3130,2945,1694,1487,,1381,2738,1802,,,,,,,
3800,650,3447,1119,3274,3095,1710,1503,,1395,2884,1820,,,,,,,
3669,638,3323,1091,3193,3017,1676,1467,,1363,2812,1784,,,,,,,
4044,644,3658,1099,3524,3344,1700,1485,,1375,3128,1808,,,,,,,
3664,646,3323,1092,3150,2979,1688,1474,,1367,2760,1797,,,,,,,
3878,642,3539,1099,3366,3189,1702,1493,,1384,2984,1810,,,,,,,
4109,642,3768,1099,3640,3463,1688,1483,,1375,3258,1801,,,,,,,
4134,740,3789,1193,3649,3472,2123,1589,,1479,3263,2235,,,,,,,
7081,634,6726,1087,6539,6362,1672,1457,,1351,6157,1782,,,,,,,
3549,644,3203,1119,3029,2852,1700,1485,,1375,2633,1806,,,,,,,
3543,644,3203,1107,3029,2852,1686,1477,,1373,2649,1796,,,,,,,
5769,644,5420,1117,5247,5066,1717,1511,,1400,3051,1822,,,,,,,
3624,636,3275,1097,3106,2923,1692,1475,,1369,2718,1802,,,,,,,
3748,644,3408,1123,3236,3061,1712,1505,,1397,2848,1822,,,,,,,
3676,658,3331,1121,3158,2980,1706,1495,,1385,2772,1812,,,,,,,
3550,633,3213,1111,3030,2848,1698,1489,,1383,2630,1808,,,,,,,
3518,638,3179,1099,3006,2830,1678,1469,,1365,2608,1784,,,,,,,
3898,644,3544,1125,3414,3239,1712,1499,,1391,3026,1820,,,,,,,
3874,644,3510,1097,3384,3212,1686,1477,,1375,3000,1796,,,,,,,
3667,644,3325,1115,3144,2968,1700,1491,,1385,2757,1808,,,,,,,
4095,644,3758,1089,3630,3455,1676,1468,,1363,3244,1783,,,,,,,
3790,642,3431,1107,3305,3128,1688,1481,,1371,2919,1799,,,,,,,
3496,636,3157,1089,3021,2846,1672,1463,,1355,2637,1782,,,,,,,
3871,623,3524,1080,3394,3219,1665,1456,,1353,2996,1773,,,,,,,
3950,835,3621,1285,3491,3315,1866,1659,,1552,3103,1976,,,,,,,
3634,650,3305,1107,3126,2944,1694,1487,,1384,2738,1804,,,,,,,
5813,638,5478,1091,5295,5118,1682,1474,,1365,3059,1791,,,,,,,
3419,632,3077,1103,2952,2775,1674,1465,,1359,2568,1782,,,,,,,
3496,622,3153,1077,2982,2808,1654,1447,,1341,2598,1762,,,,,,,
3559,640,3215,1095,3032,2858,1684,1476,,1367,2638,1795,,,,,,,
3583,646,3244,1095,3100,2921,1672,1465,,1361,2716,1780,,,,,,,
3699,644,3359,1281,3221,3044,1866,1659,,1547,2831,1974,,,,,,,
3770,628,3437,1073,3262,3088,1658,1442,,1337,2870,1767,,,,,,,
3601,633,3256,1086,3112,2931,1686,1468,,1361,2707,1797,,,,,,,
3541,636,3203,1089,3067,2893,1658,1450,,1345,2685,1767,,,,,,,
3494,630,3159,1085,3031,2850,1680,1471,,1359,2639,1788,,,,,,,
3559,622,3224,1083,3053,2876,1655,1448,,1339,2659,1765,,,,,,,
3628,640,3289,1116,3110,2928,1711,1502,,1396,2718,1823,,,,,,,
3930,635,3599,1100,3416,3243,1687,1470,,1365,3040,1795,,,,,,,
3884,728,3545,1164,3403,3232,1778,1554,,1447,3015,1885,,,,,,,
3542,634,3183,1101,3043,2866,1682,1472,,1369,2661,1791,,,,,,,
5972,636,5636,1099,5454,5277,1700,1481,,1377,3130,1806,,,,,,,
3498,632,3160,1113,2986,2813,1690,1481,,1377,2610,1800,,,,,,,
3581,628,3242,1091,3065,2891,1670,1459,,1355,2677,1780,,,,,,,
3672,642,3333,1086,3158,2982,1655,1448,,1342,2604,1763,,,,,,,
3565,630,3224,1085,3096,2919,1655,1442,,1339,2714,1765,,,,,,,
18641,624,18273,1081,18044,3033,1651,1440,,1337,2836,1757,,,,,,,
3624,642,3276,1109,3104,2929,1737,1505,,1395,2710,1842,,,,,,,
3731,640,3394,1119,3266,3093,1704,1499,,1389,2888,1814,,,,,,,
3506,624,3159,1101,3031,2860,1690,1481,,1373,2653,1800,,,,,,,
3724,642,3385,1112,3259,3086,1701,1493,,1386,2879,1810,,,,,,,
3685,642,3341,1115,3167,2994,1704,1495,,1385,2783,1816,,,,,,,
3514,633,3166,1088,2992,2823,1698,1480,,1373,2618,1807,,,,,,,
3758,628,3404,1105,3232,3061,1753,1475,,1371,2811,1863,,,,,,,
3681,622,3342,1073,3169,2993,1660,1453,,1347,2769,1770,,,,,,,
3931,632,3584,1093,3458,3281,1686,1479,,1369,3076,1796,,,,,,,
5903,636,5564,1095,5393,5210,1688,1473,,1367,3189,1798,,,,,,,
3971,624,3634,1111,3459,3287,1686,1479,,1371,3071,1794,,,,,,,
3808,721,3471,1168,3288,3118,1791,1562,,1454,2904,1899,,,,,,,
3669,636,3309,1097,3138,2964,1688,1475,,1369,2757,1796,,,,,,,
3744,636,3408,1105,3278,3108,1688,1481,,1377,2899,1798,,,,,,,
3532,635,3193,1096,3067,2894,1687,1474,,1367,2681,1797,,,,,,,
3955,636,3619,1109,3445,3274,1698,1491,,1383,2976,1806,,,,,,,
3650,634,3311,1111,3138,2968,1706,1493,,1387,2761,1816,,,,,,,
3789,677,3441,1154,3315,3143,1733,1520,,1416,2931,1843,,,,,,,
3659,646,3321,1122,3147,2976,1705,1491,,1382,2773,1816,,,,,,,
3788,632,3445,1107,3272,3100,1682,1468,,1361,2896,1791,,,,,,,
3583,640,3232,1107,3061,2889,1692,1483,,1379,2692,1802,,,,,,,
3573,648,3228,1117,3057,2886,1686,1477,,1373,2687,1798,,,,,,,
3630,650,3288,1113,3116,2945,1694,1474,,1373,2746,1804,,,,,,,
3565,646,3216,1103,3033,2860,1684,1477,,1371,2655,1792,,,,,,,
23014,646,22581,1109,22299,22027,1690,1481,,1377,19362,1800,,,,,,,
3684,650,3327,1113,3140,2963,1728,1507,,1397,2740,1836,,,,,,,
3597,637,3262,1097,3136,2961,1682,1468,,1361,2758,1791,,,,,,,
3655,642,3307,1099,3177,3003,1674,1469,,1361,2797,1784,,,,,,,
3788,636,3443,1097,3270,3086,1680,1467,,1361,2878,1792,,,,,,,
3569,646,3237,1092,3095,2921,1671,1462,,1356,2705,1781,,,,,,,
3622,636,3278,1097,3106,2925,1692,1475,,1369,2718,1800,,,,,,,
3749,652,3416,1131,3244,3069,1708,1491,,1385,2860,1814,,,,,,,
3896,637,3554,1109,3374,3197,1690,1470,,1363,2977,1797,,,,,,,
3679,644,3346,1123,3175,2998,1694,1485,,1379,2783,1800,,,,,,,
4010,646,3662,1099,3526,3350,1692,1475,,1369,3140,1798,,,,,,,
3766,634,3429,1111,3293,3116,1686,1479,,1373,2909,1798,,,,,,,
3613,660,3272,1123,3146,2969,1708,1489,,1385,2762,1816,,,,,,,
3678,646,3337,1099,3164,2980,1680,1468,,1363,2772,1789,,,,,,,
3913,648,3580,1095,3452,3279,1686,1475,,1367,3072,1792,,,,,,,
5342,644,5005,1091,4832,4650,1676,1460,,1359,2612,1785,,,,,,,
3701,644,3353,1107,3225,3049,1692,1485,,1381,2825,1802,,,,,,,
4587,880,4248,1333,4118,3945,2282,1790,,1684,3490,2391,,,,,,,
3827,642,3477,1109,3294,3118,1761,1550,,1446,2909,1871,,,,,,,
3691,632,3341,1093,3199,3028,1712,1497,,1393,2825,1822,,,,,,,
3796,646,3451,1115,3313,3134,1706,1491,,1385,2929,1816,,,,,,,
3631,635,3280,1107,3140,2965,1690,1474,,1367,2760,1799,,,,,,,
3636,644,3283,1121,3143,2962,1708,1499,,1392,2744,1820,,,,,,,
3470,638,3130,1109,3000,2818,1684,1477,,1373,2602,1794,,,,,,,
3534,646,3183,1117,3010,2825,1696,1487,,1379,2612,1806,,,,,,,
3535,638,3179,1101,3051,2872,1688,1475,,1369,2661,1800,,,,,,,
3766,652,3427,1170,3254,3075,1761,1548,,1442,2854,1869,,,,,,,
3666,650,3329,1131,3155,2972,1714,1509,,1400,2771,1826,,,,,,,
3914,650,3564,1133,3376,3195,1722,1505,,1401,2984,1832,,,,,,,
3591,650,3258,1121,3132,2947,1714,1501,,1393,2730,1824,,,,,,,
5911,650,5574,1117,5401,5218,1700,1493,,1381,2870,1810,,,,,,,
4075,648,3726,1302,3598,3421,1898,1680,,1573,3153,2005,,,,,,,
3608,650,3260,1129,3079,2903,1712,1507,,1400,2698,1824,,,,,,,
4209,796,3849,1288,3695,3492,1999,1745,,1619,3240,2123,,,,,,,
4272,723,3892,1235,3740,3531,1942,1678,,1560,3277,2072,,,,,,,
4020,705,3644,1198,3485,3286,1901,1647,,1525,3041,2027,,,,,,,
3567,648,3212,1113,3073,2897,1702,1481,,1375,2673,1808,,,,,,,
3590,638,3228,1099,3090,2911,1682,1477,,1369,2714,1794,,,,,,,
3634,652,3283,1125,3142,2968,1717,1497,,1389,2761,1826,,,,,,,
4233,630,3892,1081,3711,3530,1664,1450,,1347,3333,1775,,,,,,,
3579,640,3232,1111,3051,2870,1700,1481,,1377,2673,1808,,,,,,,
3684,646,3327,1103,3146,2971,1683,1470,,1367,2750,1791,,,,,,,
3577,656,3238,1130,3047,2875,1717,1499,,1394,2671,1828,,,,,,,
3586,638,3240,1105,3055,2881,1697,1475,,1367,2682,1808,,,,,,,
3647,655,3301,1126,3171,2990,1709,1495,,1392,2789,1818,,,,,,,
5519,648,5173,1105,4989,4812,1690,1472,,1367,2779,1797,,,,,,,
3644,650,3294,1125,3118,2939,1706,1495,,1389,2732,1816,,,,,,,
3817,642,3460,1095,3279,3102,1684,1465,,1359,2903,1794,,,,,,,
3955,646,3597,1131,3424,3240,1799,1513,,1407,3036,1909,,,,,,,
3778,654,3447,1111,3319,3142,1698,1489,,1385,2929,1806,,,,,,,
3593,632,3250,1097,3069,2897,1682,1465,,1359,2683,1794,,,,,,,
3982,628,3642,1083,3468,3297,1662,1453,,1349,3092,1767,,,,,,,
3598,642,3258,1111,3074,2903,1702,1489,,1379,2688,1812,,,,,,,
3682,737,3343,1200,3205,3030,1804,1586,,1476,2807,1915,,,,,,,
3518,641,3168,1094,3040,2862,1675,1458,,1352,2656,1785,,,,,,,
3504,634,3153,1095,3025,2854,1674,1467,,1359,2647,1784,,,,,,,
3508,634,3169,1097,3039,2858,1676,1461,,1355,2649,1786,,,,,,,
3512,632,3171,1081,3043,2862,1658,1449,,1343,2657,1767,,,,,,,
3575,638,3238,1109,3108,2933,1700,1491,,1386,2724,1808,,,,,,,
3586,626,3257,1079,3084,2907,1658,1451,,1343,2700,1766,,,,,,,
5616,637,5283,1101,5102,4917,1684,1474,,1367,2752,1793,,,,,,,
3494,652,3157,1107,3017,2840,1686,1479,,1371,2633,1796,,,,,,,
3536,646,3203,1119,3065,2886,1694,1484,,1377,2679,1801,,,,,,,
7369,632,7014,1089,6835,6658,1664,1456,,1351,6441,1773,,,,,,,
3646,731,3303,1188,3124,2947,1793,1572,,1464,2726,1899,,,,,,,
3763,635,3422,1090,3245,3071,1679,1460,,1354,2866,1785,,,,,,,
3608,646,3261,1103,3131,2960,1686,1467,,1363,2745,1796,,,,,,,
3577,636,3228,1091,3100,2923,1668,1461,,1355,2716,1778,,,,,,,
3481,625,3160,1066,3039,2872,1631,1430,,1324,2667,1739,,,,,,,
3494,616,3173,1064,3035,2868,1627,1426,,1318,2663,1733,,,,,,,
3447,615,3124,1066,3000,2831,1621,1418,,1314,2632,1726,,,,,,,
3551,616,3220,1077,3088,2923,1635,1436,,1333,2718,1741,,,,,,,
3851,633,3512,1086,3337,3162,1649,1448,,1344,2957,1755,,,,,,,
3780,817,3451,1259,3327,3157,1824,1613,,1515,2953,1930,,,,,,,
3392,614,3071,1063,2933,2761,1633,1426,,1321,2551,1735,,,,,,,
5420,614,5087,1077,4912,4743,1634,1433,,1329,2670,1739,,,,,,,
3392,624,3059,1079,2927,2758,1649,1440,,1334,2557,1753,,,,,,,
3727,627,3408,1070,3272,3102,1633,1424,,1322,2894,1741,,,,,,,
3528,617,3185,1054,3061,2890,1611,1407,,1302,2687,1718,,,,,,,
3573,615,3243,1052,3073,2904,1612,1409,,1308,2705,1716,,,,,,,
3585,609,3256,1072,3090,2919,1645,1436,,1332,2726,1751,,,,,,,
3498,613,3166,1060,3002,2837,1621,1414,,1314,2638,1728,,,,,,,
3404,622,3073,1068,2907,2740,1627,1426,,1322,2537,1735,,,,,,,
3386,603,3045,1034,2907,2738,1599,1390,,1288,2535,1704,,,,,,,
3423,628,3104,1087,2982,2810,1658,1447,,1345,2617,1760,,,,,,,
3688,611,3359,1050,3193,3026,1608,1405,,1306,2825,1714,,,,,,,
3447,606,3108,1067,2940,2769,1621,1418,,1319,2566,1729,,,,,,,
3680,599,3351,1040,3227,3055,1608,1401,,1296,2594,1714,,,,,,,
3644,609,3309,1048,3142,2970,1605,1402,,1300,2758,1710,,,,,,,
3469,609,3136,1058,3012,2847,1625,1415,,1314,2644,1732,,,,,,,
5492,611,5141,1076,4962,4791,1659,1448,,1340,2671,1767,,,,,,,
3711,614,3380,1071,3206,3037,1629,1428,,1325,2838,1735,,,,,,,
3492,618,3153,1083,2986,2820,1668,1451,,1349,2627,1776,,,,,,,
3757,607,3432,1062,3307,3140,1623,1420,,1318,2941,1728,,,,,,,
3545,612,3210,1077,3088,2919,1650,1444,,1335,2720,1755,,,,,,,
3504,615,3171,1070,3047,2866,1635,1428,,1326,2667,1741,,,,,,,
3654,615,3327,1080,3160,2990,1657,1442,,1340,2772,1759,,,,,,,
3666,723,3296,1155,3124,2957,1740,1529,,1422,2740,1844,,,,,,,
3518,616,3189,1056,3021,2856,1625,1420,,1318,2653,1731,,,,,,,
3898,607,3553,1048,3429,3260,1605,1403,,1298,3063,1710,,,,,,,
3514,625,3187,1058,3063,2896,1621,1420,,1318,2683,1730,,,,,,,
3447,603,3118,1038,2953,2785,1592,1393,,1288,2580,1698,,,,,,,
3607,613,3268,1054,3098,2933,1617,1416,,1312,2726,1726,,,,,,,
3482,604,3141,1034,3005,2840,1589,1386,,1282,2637,1694,,,,,,,
3486,691,3159,1125,3025,2856,1710,1497,,1391,2620,1814,,,,,,,
5440,616,5105,1058,4932,4765,1623,1424,,1320,2781,1729,,,,,,,
3438,623,3089,1074,2918,2740,1633,1425,,1324,2545,1740,,,,,,,
3419,624,3082,1065,2952,2779,1633,1422,,1319,2568,1735,,,,,,,
3382,614,3045,1052,2921,2748,1613,1412,,1308,2553,1717,,,,,,,
3774,619,3437,1056,3266,3093,1615,1413,,1312,2894,1718,,,,,,,
3486,626,3145,1065,2970,2801,1635,1420,,1320,2604,1737,,,,,,,
3579,615,3242,1048,3118,2951,1609,1406,,1302,2752,1716,,,,,,,
3914,623,3570,1068,3445,3272,1637,1425,,1324,3077,1744,,,,,,,
3522,619,3195,1060,3069,2899,1619,1416,,1314,2691,1726,,,,,,,
3569,603,3223,1056,3049,2880,1686,1410,,1308,2677,1789,,,,,,,
3844,610,3506,1051,3332,3165,1656,1408,,1304,2972,1762,,,,,,,
3447,616,3098,1052,2972,2807,1617,1406,,1302,2612,1721,,,,,,,
3731,609,3394,1050,3260,3085,1613,1409,,1304,2888,1718,,,,,,,
3565,616,3220,1056,3084,2911,1625,1410,,1308,2714,1729,,,,,,,
3809,711,3492,1160,3366,3189,1741,1528,,1426,2978,1844,,,,,,,
5634,627,5291,1093,5123,4944,1661,1454,,1351,2969,1765,,,,,,,
3713,615,3376,1066,3211,3038,1633,1424,,1320,2839,1740,,,,,,,
3463,606,3122,1069,2954,2783,1641,1428,,1325,2586,1745,,,,,,,
3679,602,3340,1059,3171,3000,1619,1414,,1310,2716,1727,,,,,,,
3529,624,3193,1073,3027,2854,1640,1432,,1329,2653,1747,,,,,,,
3524,643,3189,1090,3020,2851,1651,1448,,1346,2654,1755,,,,,,,
6918,627,6569,1074,6396,6228,1645,1432,,1330,6018,1749,,,,,,,
3412,615,3069,1060,2904,2732,1625,1417,,1314,2535,1730,,,,,,,
3471,625,3128,1064,2990,2813,1631,1419,,1318,2610,1736,,,,,,,
3492,630,3148,1079,2982,2809,1645,1434,,1333,2612,1749,,,,,,,
3575,629,3221,1092,3097,2925,1687,1464,,1358,2707,1795,,,,,,,
3644,606,3307,1038,3181,3011,1605,1396,,1292,2808,1711,,,,,,,
3439,624,3100,1079,2933,2767,1635,1432,,1325,2558,1743,,,,,,,
3403,608,3071,1048,2905,2734,1605,1404,,1298,2529,1713,,,,,,,
3461,609,3132,1056,3012,2837,1625,1411,,1312,2642,1728,,,,,,,
5440,608,5119,1046,4946,4772,1613,1404,,1302,2659,1717,,,,,,,
3427,613,3093,1058,2925,2754,1619,1412,,1308,2561,1726,,,,,,,
3687,798,3358,1237,3183,3012,1796,1596,,1491,2813,1903,,,,,,,
3427,615,3100,1046,2974,2797,1611,1401,,1294,2606,1716,,,,,,,
3423,605,3079,1034,2955,2783,1592,1391,,1290,2590,1700,,,,,,,
3561,606,3224,1051,3090,2913,1611,1410,,1307,2720,1715,,,,,,,
3421,626,3088,1075,2954,2789,1641,1430,,1329,2592,1745,,,,,,,
3520,615,3185,1072,3006,2840,1643,1432,,1330,2643,1749,,,,,,,
3544,607,3195,1058,3071,2896,1608,1407,,1306,2693,1716,,,,,,,
3514,604,3165,1053,2988,2816,1611,1408,,1304,2558,1715,,,,,,,
3412,625,3075,1080,2939,2770,1637,1430,,1326,2569,1745,,,,,,,
3781,614,3427,1063,3259,3086,1638,1432,,1329,2887,1743,,,,,,,
3743,607,3402,1058,3266,3097,1610,1407,,1304,2894,1718,,,,,,,
3670,605,3333,1066,3207,3041,1635,1428,,1326,2844,1743,,,,,,,
3417,620,3088,1071,2950,2779,1636,1430,,1325,2560,1741,,,,,,,
5529,625,5175,1082,5009,4840,1649,1444,,1338,2717,1755,,,,,,,
3384,608,3053,1056,2929,2759,1619,1412,,1310,2558,1725,,,,,,,
3660,626,3319,1089,3138,2972,1652,1452,,1345,2781,1759,,,,,,,
3701,613,3374,1062,3238,3065,1639,1434,,1332,2868,1747,,,,,,,
3930,601,3587,1052,3463,3294,1619,1418,,1316,3081,1728,,,,,,,
3401,612,3074,1053,2950,2777,1619,1408,,1306,2582,1725,,,,,,,
3654,601,3315,1056,3177,3002,1627,1418,,1316,2805,1735,,,,,,,
3591,599,3250,1036,3083,2915,1595,1391,,1290,2716,1700,,,,,,,
3630,613,3305,1068,3128,2957,1635,1434,,1328,2752,1739,,,,,,,
3630,603,3301,1050,3177,3008,1609,1408,,1306,2811,1713,,,,,,,
3847,611,3512,1058,3345,3173,1623,1418,,1314,2968,1729,,,,,,,
3457,605,3124,1052,2957,2789,1619,1408,,1308,2592,1724,,,,,,,
3463,615,3120,1066,2990,2819,1639,1428,,1320,2616,1746,,,,,,,
4382,766,3764,1229,3596,3395,1839,1605,,1500,3096,1969,,,,,,,
3697,611,3374,1058,3250,3079,1625,1422,,1322,2878,1733,,,,,,,
5547,612,5227,1042,5062,4891,1842,1394,,1290,2858,1948,,,,,,,
3536,613,3191,1042,3024,2854,1617,1407,,1304,2655,1720,,,,,,,
3824,607,3491,1040,3325,3152,1596,1395,,1291,2961,1702,,,,,,,
3408,603,3075,1042,2945,2775,1605,1397,,1294,2576,1714,,,,,,,
3543,613,3207,1062,3041,2870,1627,1420,,1316,2663,1735,,,,,,,
3613,603,3282,1044,3113,2945,1612,1407,,1306,2750,1716,,,,,,,
3439,605,3112,1056,2943,2779,1613,1412,,1308,2578,1719,,,,,,,
3447,619,3110,1084,2984,2811,1653,1446,,1344,2620,1759,,,,,,,
3563,614,3228,1067,3049,2882,1631,1430,,1327,2673,1739,,,,,,,
3583,618,3242,1071,3069,2897,1637,1436,,1331,2698,1743,,,,,,,
3662,605,3323,1058,3156,2978,1637,1426,,1324,2771,1743,,,,,,,
3567,628,3220,1085,3047,2874,1658,1451,,1351,2681,1763,,,,,,,
4399,1180,4068,1637,3942,3772,2197,1992,,1891,3575,2301,,,,,,,
3523,632,3171,1087,3039,2863,1654,1453,,1351,2663,1758,,,,,,,
3554,613,3215,1050,3083,2910,1619,1415,,1314,2713,1724,,,,,,,
5978,612,5631,1061,5465,5286,1896,1416,,1317,3309,2001,,,,,,,
3504,613,3159,1058,3035,2862,1613,1412,,1308,2661,1722,,,,,,,
3346,609,3025,1058,2901,2736,1625,1414,,1314,2543,1731,,,,,,,
3695,615,3364,1060,3199,3031,1625,1418,,1314,2834,1729,,,,,,,
3915,634,3594,1087,3425,3256,1658,1453,,1349,3066,1761,,,,,,,
3681,709,3362,1146,3224,3051,1737,1519,,1414,2842,1844,,,,,,,
3515,628,3181,1075,3005,2834,1652,1445,,1341,2621,1760,,,,,,,
3535,610,3212,1065,3078,2907,1615,1414,,1313,2708,1721,,,,,,,
3497,623,3178,1076,3012,2847,1637,1434,,1334,2652,1746,,,,,,,
6966,618,6641,1065,6460,6289,1619,1416,,1317,5995,1725,,,,,,,
3642,618,3315,1077,3147,2978,1646,1440,,1339,2783,1751,,,,,,,
3561,616,3230,1063,3104,2934,1634,1428,,1325,2728,1741,,,,,,,
3935,616,3594,1071,3429,3256,1654,1449,,1345,3055,1759,,,,,,,
3396,614,3063,1036,2929,2759,1595,1389,,1286,2566,1702,,,,,,,
3483,625,3148,1070,2980,2811,1641,1432,,1330,2604,1747,,,,,,,
5523,628,5186,1077,5021,4847,1641,1434,,1333,2580,1747,,,,,,,
3759,625,3422,1074,3256,3085,1645,1434,,1334,2890,1748,,,,,,,
3886,709,3559,1147,3390,3219,1737,1527,,1418,3006,1844,,,,,,,
3498,628,3151,1085,3027,2856,1654,1451,,1349,2663,1761,,,,,,,
3492,617,3152,1060,2984,2813,1623,1414,,1314,2602,1726,,,,,,,
3524,625,3195,1076,3071,2898,1643,1436,,1330,2705,1749,,,,,,,
3601,615,3272,1058,3148,2978,1613,1405,,1304,2618,1718,,,,,,,
3433,634,3094,1081,2919,2751,1648,1439,,1337,2560,1753,,,,,,,
3441,613,3118,1058,2984,2809,1621,1412,,1310,2616,1729,,,,,,,
3807,624,3459,1075,3331,3161,1639,1434,,1329,2962,1745,,,,,,,
3427,618,3086,1067,2962,2787,1637,1422,,1320,2590,1741,,,,,,,
3471,621,3124,1080,2957,2787,1653,1442,,1340,2582,1757,,,,,,,
3837,613,3496,1054,3370,3207,1623,1410,,1310,2992,1728,,,,,,,
3656,615,3307,1251,3171,3006,1816,1609,,1509,2797,1923,,,,,,,
3653,618,3324,1067,3155,2988,1627,1420,,1317,2777,1735,,,,,,,
5480,621,5124,1070,4958,4781,1633,1426,,1322,2577,1742,,,,,,,
3817,613,3482,1056,3358,3191,1623,1412,,1310,2994,1727,,,,,,,
3455,626,3120,1062,2951,2781,1629,1418,,1316,2576,1733,,,,,,,
3579,607,3242,1040,3118,2951,1590,1389,,1286,2754,1700,,,,,,,
3808,619,3467,1066,3286,3120,1641,1434,,1330,2931,1749,,,,,,,
4018,618,3673,1065,3547,3376,1621,1420,,1319,3179,1727,,,,,,,
3963,615,3619,1074,3487,3315,1635,1430,,1328,3122,1741,,,,,,,
3437,626,3098,1079,2960,2789,1631,1426,,1323,2594,1733,,,,,,,
3486,624,3141,1077,2972,2801,1642,1436,,1333,2606,1747,,,,,,,
3800,623,3461,1074,3335,3169,1633,1432,,1328,2965,1739,,,,,,,
3445,626,3108,1077,2982,2816,1640,1434,,1333,2623,1747,,,,,,,
3628,628,3285,1069,3155,2980,1627,1426,,1324,2781,1733,,,,,,,
3504,624,3177,1081,3009,2836,1640,1430,,1329,2641,1745,,,,,,,
3675,620,3346,1067,3177,3005,1629,1426,,1323,2805,1735,,,,,,,
3492,628,3144,1085,2976,2805,1651,1446,,1341,2596,1757,,,,,,,
5726,625,5389,1074,5220,5041,1637,1430,,1328,3079,1745,,,,,,,
3812,623,3475,1072,3297,3128,1653,1448,,1340,2933,1761,,,,,,,
3489,619,3152,1078,2984,2813,1633,1428,,1326,2620,1740,,,,,,,
3394,616,3047,1069,2878,2708,1637,1428,,1325,2509,1741,,,,,,,
3579,619,3245,1066,3105,2935,1625,1423,,1322,2738,1730,,,,,,,
3677,713,3343,1160,3211,3045,1743,1534,,1428,2842,1850,,,,,,,
3449,608,3128,1050,2994,2822,1617,1414,,1312,2617,1723,,,,,,,
3466,614,3136,1077,2960,2791,1631,1430,,1327,2588,1737,,,,,,,
3504,617,3175,1058,3043,2870,1617,1415,,1314,2665,1724,,,,,,,
3870,626,3535,1079,3403,3226,1654,1447,,1339,3023,1761,,,,,,,
3473,619,3132,1058,2988,2817,1623,1422,,1322,2608,1728,,,,,,,
3500,610,3175,1067,3043,2875,1636,1434,,1331,2676,1739,,,,,,,
3701,692,3374,1121,3250,3075,1702,1489,,1383,2858,1808,,,,,,,
3798,607,3455,1058,3327,3152,1616,1417,,1312,2939,1722,,,,,,,
3491,605,3158,1040,2990,2819,1598,1395,,1294,2616,1704,,,,,,,
5334,621,4988,1072,4820,4649,1635,1434,,1328,2602,1740,,,,,,,
3524,607,3203,1044,3036,2866,1604,1403,,1298,2661,1710,,,,,,,
3591,618,3250,1068,3081,2913,1627,1424,,1318,2712,1733,,,,,,,
3400,613,3071,1064,2949,2778,1620,1419,,1318,2565,1722,,,,,,,
3499,613,3160,1064,3034,2866,1625,1424,,1318,2661,1732,,,,,,,
3405,628,3074,1077,2944,2775,1642,1436,,1331,2568,1747,,,,,,,
3735,623,3408,1076,3240,3073,1909,1446,,1338,2874,2017,,,,,,,
3426,625,3099,1080,2971,2801,1641,1436,,1332,2596,1749,,,,,,,
3411,626,3074,1075,2909,2738,1646,1444,,1335,2533,1749,,,,,,,
3372,611,3045,1046,2919,2748,1601,1400,,1300,2551,1708,,,,,,,
3567,618,3240,1067,3108,2939,1635,1424,,1322,2740,1739,,,,,,,
3837,711,3518,1149,3386,3221,1728,1517,,1416,3012,1832,,,,,,,
6628,624,6279,1083,6096,5930,1656,1453,,1347,5722,1763,,,,,,,
3654,607,3313,1060,3178,3010,1620,1415,,1312,2723,1724,,,,,,,
3487,617,3158,1074,2990,2823,1651,1440,,1336,2616,1757,,,,,,,
5509,620,5184,1063,5013,4851,1619,1418,,1319,2501,1725,,,,,,,
3500,628,3171,1085,2998,2830,1654,1446,,1343,2624,1759,,,,,,,
3759,617,3422,1074,3256,3089,1641,1430,,1328,2888,1744,,,,,,,
3707,626,3362,1081,3230,3067,1664,1442,,1339,2693,1767,,,,,,,
3412,621,3083,1078,2961,2793,1635,1434,,1330,2600,1743,,,,,,,
3793,618,3445,1075,3324,3155,1648,1439,,1335,2950,1757,,,,,,,
3420,611,3089,1060,2957,2791,1621,1411,,1310,2591,1726,,,,,,,
3533,626,3204,1077,3080,2911,1650,1449,,1345,2708,1759,,,,,,,
3638,719,3309,1166,3142,2970,1751,1540,,1434,2756,1859,,,,,,,
3412,611,3073,1068,2949,2776,1647,1438,,1334,2571,1753,,,,,,,
3711,611,3382,1062,3256,3091,1643,1430,,1326,2890,1750,,,,,,,
3343,615,3010,1064,2888,2718,1631,1426,,1326,2511,1739,,,,,,,
3804,601,3475,1042,3353,3181,1619,1409,,1308,2973,1724,,,,,,,
3496,624,3167,1073,3000,2834,1645,1434,,1330,2626,1749,,,,,,,
3500,610,3171,1055,3047,2881,1625,1422,,1319,2667,1731,,,,,,,
5244,621,4913,1056,4745,4574,1619,1413,,1314,2594,1724,,,,,,,
3437,605,3114,1036,2947,2775,1605,1402,,1300,2574,1710,,,,,,,
3739,631,3414,1072,3243,3075,1643,1434,,1330,2874,1746,,,,,,,
3683,609,3364,1048,3197,3033,1615,1416,,1312,2840,1722,,,,,,,
4174,608,3837,1054,3669,3498,1625,1416,,1312,3283,1731,,,,,,,
3355,603,3030,1034,2908,2738,1604,1397,,1292,2539,1710,,,,,,,
3928,619,3595,1058,3414,3244,1633,1424,,1324,3051,1740,,,,,,,
3679,617,3351,1042,3181,3014,1599,1399,,1294,2809,1706,,,,,,,
3396,599,3067,1050,2941,2776,1615,1407,,1306,2575,1724,,,,,,,
3415,608,3080,1046,2956,2781,1607,1404,,1300,2578,1713,,,,,,,
3571,628,3246,1077,3125,2952,1644,1441,,1341,2747,1749,,,,,,,
3698,865,3373,1304,3205,3036,1864,1663,,1560,2833,1968,,,,,,,
3577,618,3240,1069,3072,2907,1654,1444,,1341,2710,1759,,,,,,,
3481,607,3150,1048,2986,2817,1619,1412,,1308,2624,1728,,,,,,,
3483,631,3154,1070,3032,2858,1643,1434,,1330,2667,1748,,,,,,,
5378,617,5047,1052,4881,4704,1629,1419,,1316,2587,1734,,,,,,,
3687,615,3349,1058,3181,3012,1627,1424,,1322,2813,1733,,,,,,,
3451,623,3108,1054,2982,2817,1621,1416,,1314,2618,1728,,,,,,,
3628,614,3289,1052,3122,2951,1625,1424,,1318,2759,1733,,,,,,,
3538,607,3211,1046,3085,2921,1608,1409,,1304,2720,1712,,,,,,,
3727,625,3392,1062,3225,3061,1637,1430,,1326,2870,1745,,,,,,,
3658,609,3331,1052,3207,3038,1611,1409,,1306,2846,1718,,,,,,,
3452,622,3125,1065,2948,2775,1630,1418,,1317,2586,1735,,,,,,,
3843,615,3504,1058,3331,3158,1615,1414,,1310,2959,1720,,,,,,,
