isr_entry,c_entry,first_try_lock_mm_and_find_vma_start,first_try_handle_mm_fault_with_mm_lock_start,first_try_handle_mm_fault_with_mm_lock_page_table_walk_end,first_try_handle_mm_fault_with_mm_lock_end,c_exit,iret,end
1052,307,400,160,370,406,250,199,542
1054,323,495,159,367,376,234,203,581
1072,307,425,160,372,372,247,201,583
1076,305,414,161,367,364,246,213,563
1058,307,412,296,427,368,247,210,564
1046,303,412,163,373,372,246,215,551
1042,307,410,162,378,437,234,215,544
1067,516,1115,146,1056,717,183,134,362
549,383,303,89,173,146,145,126,487
552,374,222,89,177,154,148,124,293
543,375,222,89,177,156,147,127,299
534,376,225,86,170,146,149,124,290
542,382,221,88,170,144,151,122,294
553,371,222,87,171,146,146,126,287
536,380,329,85,179,160,146,124,293
535,381,236,89,177,146,149,126,292
542,378,229,90,189,150,152,122,303
561,394,343,97,193,153,154,132,301
579,394,243,94,556,167,154,130,321
571,394,234,99,187,159,158,132,305
569,394,333,98,183,170,153,132,314
666,394,349,96,193,169,156,132,301
585,410,258,99,201,159,160,136,325
578,413,260,99,195,169,162,136,325
591,412,248,97,197,159,160,136,325
583,419,254,99,195,171,160,136,331
591,408,256,98,187,160,157,140,317
585,419,248,99,189,171,162,146,315
575,414,246,99,185,171,160,137,325
571,408,246,100,193,168,161,136,304
595,415,248,99,201,175,165,134,361
589,416,246,98,207,173,162,132,335
607,419,260,99,213,183,165,140,325
576,405,243,94,195,158,165,136,313
591,398,258,96,207,177,158,148,323
610,404,256,99,204,178,167,142,329
604,422,260,102,215,177,160,136,333
599,408,254,98,199,164,163,134,325
585,410,248,97,189,159,160,136,321
545,379,246,88,180,165,152,134,299
548,374,228,87,177,160,151,132,290
546,364,321,91,173,146,151,132,300
544,380,240,91,183,151,148,122,294
548,380,236,89,173,164,148,124,293
542,368,236,87,169,152,148,120,282
524,360,227,86,168,155,142,130,280
608,361,242,89,177,154,149,119,285
553,376,225,86,174,142,143,128,294
516,374,231,90,172,157,144,130,303
510,376,217,87,167,160,141,119,289
530,376,231,87,167,158,145,122,290
530,361,220,87,167,152,260,122,276
524,354,221,87,169,150,147,117,279
534,368,239,88,170,157,146,120,284
528,363,220,89,167,148,144,128,278
533,375,329,92,172,163,146,122,284
526,374,217,89,175,153,148,122,286
535,371,236,87,177,158,147,122,302
528,378,229,90,168,150,151,124,282
532,380,312,88,168,143,146,130,276
526,376,230,89,166,157,152,128,280
524,361,228,89,242,201,146,120,277
526,363,230,87,201,165,144,130,284
520,374,319,87,173,152,142,130,279
575,396,317,112,365,163,152,142,297
597,412,386,114,246,203,180,143,331
535,377,236,87,187,157,144,120,308
516,372,221,92,168,153,148,120,290
658,447,301,89,225,206,199,160,335
632,412,292,106,254,193,193,156,333
549,382,243,90,189,156,150,104,303
699,442,315,106,278,213,169,152,303
626,426,325,140,210,243,205,145,317
540,376,313,87,199,149,150,128,288
530,372,217,88,175,142,150,122,282
534,364,229,88,174,141,144,120,300
522,363,218,87,175,142,148,118,285
547,386,225,88,186,163,146,130,299
522,362,225,89,177,148,145,122,286
534,370,225,90,175,146,146,120,294
528,372,224,87,173,146,146,132,283
535,361,224,89,179,150,146,122,291
526,390,223,88,172,149,142,130,288
522,371,220,91,173,142,150,130,279
516,362,311,87,171,142,146,120,280
524,370,311,89,171,142,146,130,293
522,362,221,92,168,142,143,126,284
524,362,310,88,170,161,150,120,284
772,363,315,89,169,140,146,130,279
516,363,220,87,171,154,144,128,285
538,368,319,87,175,154,143,130,282
522,363,311,89,169,152,147,130,292
520,362,221,85,177,146,143,119,299
524,368,235,88,178,143,146,130,288
526,358,225,86,184,147,146,120,286
530,378,226,91,185,146,152,122,297
525,367,224,87,175,150,146,120,282
545,369,226,89,183,152,149,122,292
522,370,221,87,177,148,147,126,280
528,372,227,88,178,159,142,120,294
527,359,226,87,181,158,146,128,291
514,363,220,89,183,146,148,130,285
527,371,226,91,181,158,147,121,283
524,360,312,90,189,148,144,120,280
534,357,226,89,177,146,142,132,289
518,370,217,89,189,147,144,120,284
530,368,225,90,181,144,146,120,290
526,360,219,89,285,148,144,128,276
536,355,228,87,197,146,145,121,291
516,362,215,91,177,148,141,128,284
529,363,224,89,177,150,142,124,288
530,357,321,89,187,147,144,122,290
532,356,213,90,172,144,143,120,280
524,357,217,88,172,149,146,122,274
534,355,228,89,173,146,149,128,296
524,532,215,86,172,147,150,128,278
532,376,233,92,166,142,153,132,290
534,368,217,86,170,143,146,120,282
530,370,227,88,184,155,144,132,291
524,372,219,85,175,157,142,122,286
514,361,220,87,167,150,146,120,282
516,372,299,87,175,142,142,159,292
530,370,227,88,188,159,148,159,304
518,361,220,87,179,146,144,120,293
513,547,225,84,184,151,154,120,303
516,362,215,88,172,146,147,122,284
524,365,305,85,171,144,149,119,283
532,364,231,87,175,159,142,128,288
529,355,221,86,166,157,146,126,288
524,364,308,88,172,147,142,124,282
532,366,232,85,168,161,146,120,301
522,360,229,88,166,147,142,120,288
528,368,237,84,172,161,144,122,295
524,360,227,84,170,146,143,124,292
536,376,236,89,171,160,146,120,303
524,363,230,85,169,158,147,119,279
536,382,327,88,168,157,148,120,286
530,386,327,91,167,158,143,123,289
536,365,226,191,175,152,144,120,307
534,355,323,86,166,149,146,120,278
537,365,234,85,597,159,142,130,295
524,355,226,85,175,148,146,130,301
534,363,222,87,177,321,148,122,293
524,534,234,87,164,151,150,120,296
530,427,221,90,184,159,144,132,301
538,362,221,87,167,152,143,130,286
540,362,232,87,173,156,144,128,287
530,382,325,91,171,165,148,122,294
530,358,223,88,168,155,148,122,282
526,368,221,88,182,157,142,124,294
524,366,221,90,172,151,142,126,284
532,369,224,85,179,156,153,119,293
518,363,228,89,171,156,142,124,410
528,362,223,87,171,154,145,122,290
524,360,221,88,172,153,144,122,274
536,362,221,87,175,158,143,124,296
538,363,317,90,166,155,150,130,296
538,364,230,89,175,154,148,120,301
536,366,219,88,168,146,143,132,282
685,457,347,112,221,195,181,150,303
544,382,215,91,185,149,146,122,294
524,386,218,89,169,146,148,120,292
530,382,217,89,173,142,150,120,295
532,376,215,90,168,148,143,130,290
534,382,217,90,166,161,144,128,300
534,368,219,91,167,148,144,122,295
528,378,217,90,166,161,144,122,296
522,370,540,88,174,147,150,130,280
530,376,217,88,168,161,146,130,298
518,362,219,88,302,155,142,134,292
891,589,350,247,169,508,144,126,282
571,384,231,90,191,152,177,130,300
571,394,240,87,187,156,151,130,292
534,382,317,87,179,150,144,134,299
532,372,315,85,195,146,141,123,273
530,376,217,89,197,149,144,120,306
530,374,217,87,189,146,143,122,282
536,386,230,89,392,149,146,130,298
530,374,227,87,195,151,146,120,284
520,384,223,85,195,149,144,120,302
528,370,223,87,256,147,142,132,278
534,365,222,85,193,240,146,130,307
516,374,217,88,193,148,144,132,289
530,376,236,87,191,154,143,119,303
530,370,219,86,446,153,144,120,294
530,380,236,85,197,150,145,130,310
567,384,247,90,191,156,148,122,301
524,392,230,87,179,150,140,124,301
616,361,248,89,263,156,148,122,276
528,374,223,86,182,159,148,120,299
516,366,233,85,173,140,149,119,291
526,364,217,92,170,157,144,128,292
532,358,219,86,178,153,142,124,282
546,374,238,87,181,158,151,123,309
522,364,225,86,174,155,144,130,289
526,370,225,90,179,146,146,134,295
514,356,225,85,173,146,142,122,285
528,372,217,91,171,156,143,120,288
518,357,220,89,171,144,144,120,282
528,365,222,87,173,152,144,122,287
535,357,217,86,170,141,142,122,284
524,361,220,89,171,154,146,120,285
703,353,216,85,166,155,144,120,280
533,371,224,89,173,156,144,122,295
524,363,216,85,175,148,148,120,280
543,375,252,86,176,161,146,122,299
514,370,213,91,171,152,151,115,289
514,384,223,89,173,150,142,122,289
638,362,607,100,424,1375,151,119,301
523,552,366,101,167,162,147,119,299
526,376,262,87,169,146,142,122,282
530,380,227,88,168,147,142,120,290
540,368,236,89,175,140,142,132,290
518,372,227,88,168,157,142,130,284
520,368,227,87,177,140,145,130,282
538,374,230,87,175,144,140,128,290
520,361,230,87,169,140,142,132,283
526,364,229,88,174,141,144,130,286
506,364,227,88,172,142,145,130,282
528,370,232,89,169,140,142,130,284
520,370,228,87,168,145,142,122,284
524,382,231,86,170,147,144,130,280
528,359,230,87,173,158,143,123,279
522,380,224,89,167,142,144,130,282
530,368,223,88,175,142,144,128,282
535,369,226,87,173,142,142,130,284
607,374,252,89,197,158,153,120,278
536,363,236,89,201,157,144,130,293
524,353,226,89,191,144,145,130,282
532,370,228,89,191,167,148,122,501
524,361,224,87,197,142,145,130,284
536,382,327,90,174,143,142,130,296
532,376,323,85,175,142,152,130,293
522,364,227,87,173,146,142,130,285
605,362,252,89,195,154,149,122,280
524,372,229,85,195,149,146,120,286
528,373,234,89,191,165,142,122,290
528,362,225,85,191,144,143,122,278
536,370,238,87,199,142,149,119,285
528,370,225,86,193,142,144,124,272
530,371,234,89,193,145,142,120,286
520,366,225,83,195,143,144,122,286
528,366,229,88,193,144,144,124,280
516,358,227,86,304,143,142,124,276
534,360,236,87,248,144,150,120,278
532,361,224,83,195,148,149,122,280
528,362,230,89,193,144,142,136,297
514,357,230,85,193,144,147,122,276
526,358,235,88,193,150,142,122,280
518,361,234,87,189,148,143,122,278
528,358,231,86,193,154,142,120,290
518,354,229,86,191,146,144,120,276
528,362,232,89,191,146,142,124,291
608,373,242,91,193,167,146,130,276
535,381,238,89,193,165,146,120,284
516,362,231,86,193,140,150,124,280
532,370,225,87,175,152,145,119,299
518,357,226,87,164,143,150,124,286
516,368,228,85,168,143,144,128,286
528,357,230,85,167,142,146,128,286
524,370,223,91,173,165,144,130,290
537,361,226,85,168,155,144,132,287
542,374,230,85,175,164,153,121,285
516,358,229,88,166,142,147,128,296
532,378,224,89,173,148,148,124,278
516,357,226,87,175,148,150,120,281
532,362,234,89,171,164,148,124,297
520,370,225,84,170,151,150,120,290
536,376,225,86,170,150,145,120,288
524,360,227,88,168,149,144,120,284
530,368,230,83,169,166,142,122,287
516,370,229,86,170,143,144,122,288
537,369,234,87,177,148,144,124,287
516,357,230,87,173,148,144,120,292
528,370,233,86,174,155,144,130,286
528,370,230,85,168,149,146,122,278
532,357,228,87,171,150,148,120,299
528,356,229,85,175,148,149,128,298
528,360,225,91,167,150,145,119,297
518,358,225,84,168,144,149,122,302
526,361,226,87,169,142,146,120,295
512,358,227,85,169,144,142,120,303
528,362,227,85,167,169,146,120,296
526,354,229,84,168,143,152,120,300
528,373,226,87,169,142,146,128,285
532,364,225,86,166,145,146,130,288
538,368,230,87,173,146,146,128,293
522,363,236,87,167,148,149,128,286
526,370,233,88,176,146,147,120,298
526,378,227,91,165,142,144,120,283
617,392,242,89,177,162,159,120,278
534,370,225,90,188,147,148,120,296
619,380,250,89,177,170,147,130,284
520,382,222,89,171,150,144,122,290
530,384,227,88,172,150,151,120,284
526,374,223,88,166,152,149,130,290
535,363,230,87,203,150,149,130,282
530,360,227,86,166,149,142,120,284
530,370,223,91,175,154,149,130,278
522,367,226,83,175,142,144,130,281
529,371,226,89,173,144,144,122,280
530,374,225,87,173,152,149,130,290
530,369,226,87,191,150,149,120,294
522,369,230,85,173,150,146,128,283
530,368,227,88,178,149,144,128,286
524,360,223,86,172,146,145,119,283
534,364,229,86,172,165,148,124,287
516,354,225,88,174,140,145,130,296
529,367,228,89,177,168,153,134,300
524,355,226,87,222,152,150,120,286
532,358,225,88,176,171,148,120,293
534,370,233,88,168,151,144,130,288
609,382,246,91,193,152,145,130,278
522,356,221,87,193,141,144,122,282
534,356,227,90,191,150,144,120,291
524,363,226,87,193,142,147,119,287
536,364,226,89,191,144,150,128,283
532,358,225,86,193,142,144,120,284
541,361,224,89,191,163,146,120,286
516,368,225,88,189,152,144,120,282
534,360,227,90,193,162,144,122,289
518,353,228,87,191,142,145,123,287
524,384,225,87,195,155,142,124,290
530,362,229,86,191,158,146,130,283
526,370,223,87,189,163,148,120,282
530,354,225,89,189,159,142,122,300
532,368,225,85,193,153,146,122,288
526,360,223,88,193,140,146,120,292
622,383,242,90,195,148,148,128,284
530,364,235,84,193,152,142,122,292
528,367,234,85,171,140,150,122,303
518,532,229,86,166,144,149,122,290
524,373,232,83,173,142,148,120,295
522,364,223,85,175,152,143,122,284
524,372,234,87,175,142,144,122,284
518,364,225,88,172,145,142,124,278
532,384,222,89,183,272,148,120,289
524,356,223,85,179,142,144,122,281
536,372,225,90,173,152,142,130,288
522,364,223,88,181,144,144,122,292
530,376,237,92,179,148,146,128,289
530,364,227,88,174,144,149,122,290
540,370,238,89,175,148,144,124,291
520,362,225,89,171,150,143,130,280
528,378,231,88,166,153,152,120,288
516,372,223,90,168,140,151,119,289
537,379,226,89,175,148,144,132,281
514,358,223,90,174,142,145,122,282
530,366,225,90,174,142,149,120,288
522,364,223,90,174,142,145,119,283
520,375,226,87,175,148,144,130,291
523,355,230,89,171,146,142,122,282
522,365,224,89,455,142,146,124,291
524,357,222,91,169,142,252,132,282
525,371,230,89,173,152,142,120,293
526,356,225,90,166,142,145,132,282
526,370,223,90,170,151,142,122,290
530,364,221,92,166,141,146,120,887
538,366,229,88,168,153,144,120,542
524,361,226,87,169,144,142,130,286
530,370,223,91,173,142,145,130,286
522,365,222,87,167,144,144,122,280
528,371,228,89,183,144,143,119,297
522,362,223,87,175,142,145,119,281
526,371,224,89,179,146,146,120,299
845,356,223,91,167,144,144,120,293
623,370,252,91,177,169,152,130,284
534,364,224,91,177,156,146,120,276
530,360,225,90,176,163,150,128,291
528,368,226,89,169,150,142,122,276
534,368,234,89,167,166,149,134,288
523,353,229,88,166,143,146,130,278
538,378,238,89,173,165,146,120,276
522,357,234,91,167,148,142,130,291
530,370,243,88,176,143,144,130,286
524,364,231,88,241,143,142,128,296
529,375,234,89,175,148,146,122,279
530,362,225,89,167,148,145,123,279
532,374,234,89,175,144,146,128,290
528,362,223,92,172,149,148,130,295
544,370,235,88,174,145,154,120,294
530,362,225,88,166,144,149,128,284
534,357,236,85,175,140,146,128,287
522,368,232,87,169,150,142,128,286
533,361,240,87,169,144,144,132,291
526,361,230,89,179,146,148,122,297
538,368,236,89,175,146,152,122,281
532,360,229,89,167,146,142,122,283
539,369,238,85,179,148,157,130,276
587,370,238,89,197,248,146,130,282
530,376,235,87,191,143,144,120,290
520,368,233,86,193,140,146,122,280
531,375,230,85,191,152,145,128,284
524,366,226,87,191,146,142,124,283
532,378,230,87,195,144,144,128,283
522,362,225,88,188,147,144,122,278
536,353,232,83,193,151,144,120,290
520,363,226,87,193,146,146,120,293
526,363,230,85,197,147,150,120,288
526,362,230,85,193,142,148,132,281
534,368,231,83,193,149,144,122,286
520,364,227,86,191,144,144,130,293
528,361,236,83,197,153,142,120,296
527,361,228,87,195,142,148,124,289
609,382,246,87,183,163,150,128,286
534,361,224,85,173,146,144,128,285
535,373,226,87,175,148,150,130,279
516,362,221,90,172,141,146,120,276
534,362,228,87,177,156,144,130,281
526,364,223,88,166,147,146,122,282
532,370,225,89,177,165,142,130,292
530,357,220,89,169,150,148,130,283
538,365,228,87,169,166,143,119,285
528,366,225,88,174,147,150,122,282
522,375,230,85,179,158,145,128,286
522,356,223,92,174,145,148,128,292
522,370,228,87,169,160,148,128,293
526,355,222,87,175,146,144,120,278
536,388,225,86,174,159,144,120,290
526,358,217,87,167,148,142,120,285
518,366,228,89,173,160,144,122,283
522,362,221,89,173,146,144,122,272
524,374,225,89,175,159,144,130,284
520,362,221,89,169,144,148,120,277
524,365,224,89,167,152,148,120,285
514,353,221,90,170,145,146,118,290
536,360,225,87,167,150,143,121,287
516,354,221,88,176,151,150,122,278
528,363,224,91,177,148,146,120,285
526,362,229,90,174,153,146,128,290
524,362,227,89,173,165,144,120,290
516,355,230,87,167,142,146,130,276
536,374,233,90,166,167,144,126,294
522,358,223,86,170,159,146,128,290
528,355,224,87,171,168,146,120,291
526,364,227,88,172,147,144,130,292
534,368,227,88,174,155,146,128,299
535,363,224,85,175,150,148,122,289
539,369,226,83,179,164,143,130,298
522,356,221,89,167,150,144,128,285
530,368,227,88,172,155,146,120,298
518,355,226,87,225,151,144,128,298
597,384,243,88,193,164,144,130,283
613,380,268,88,178,163,142,132,282
524,382,233,88,183,154,144,130,291
524,362,225,90,166,156,147,120,290
524,364,229,90,166,163,144,128,296
524,361,230,85,167,156,146,130,299
528,375,228,87,167,162,141,128,296
518,373,226,85,165,144,144,130,280
532,368,227,90,174,161,146,132,297
520,369,228,85,169,140,150,120,291
532,367,236,85,173,160,145,130,302
524,372,226,85,168,151,146,124,288
532,394,231,88,181,162,146,130,303
528,376,224,89,166,143,142,120,290
520,372,231,92,178,161,142,132,299
518,362,223,88,166,143,144,128,286
532,388,225,88,168,163,152,120,286
528,356,219,91,175,144,143,130,284
534,358,227,88,184,157,144,122,297
522,362,225,88,168,141,150,120,282
528,368,231,88,174,155,146,130,294
522,366,228,89,173,140,146,122,282
531,371,232,89,187,163,146,124,290
530,366,225,89,167,142,144,130,289
624,378,244,89,177,150,152,122,283
526,359,248,88,172,140,147,120,292
526,363,238,89,175,148,143,121,289
523,355,225,88,168,143,150,122,292
537,369,234,87,187,140,143,123,289
534,364,221,92,166,141,144,130,292
534,373,234,91,173,150,149,130,286
528,358,227,88,174,146,145,120,286
537,363,232,89,165,142,146,122,290
528,361,228,87,177,140,142,122,291
532,368,233,88,178,149,142,120,292
536,356,223,90,170,146,143,122,298
536,370,238,85,177,152,148,120,289
602,382,239,92,176,163,148,130,281
532,366,243,90,174,163,144,130,307
527,367,232,87,171,140,146,120,290
536,365,234,87,183,157,146,120,302
518,361,228,87,169,142,144,124,283
528,362,235,90,172,167,144,130,303
526,370,238,89,173,142,148,120,289
530,362,229,88,168,155,144,128,301
518,356,223,85,175,142,142,122,283
531,361,234,89,167,166,142,120,295
514,364,225,89,167,146,142,122,283
530,359,234,87,175,166,143,132,292
520,358,225,90,166,144,149,122,284
524,369,234,89,169,162,145,128,294
530,360,221,89,167,142,144,120,287
541,361,234,89,173,158,144,134,285
520,355,228,91,167,142,146,130,272
534,360,232,89,175,168,142,130,289
518,357,226,85,171,152,148,130,291
530,363,230,85,177,164,147,122,288
526,361,226,85,175,142,154,120,284
534,536,234,85,181,158,149,123,297
536,361,226,85,175,140,148,120,284
524,364,233,88,174,165,152,120,303
517,362,226,87,170,141,148,128,284
538,362,231,89,173,148,151,136,300
524,365,226,89,175,150,142,128,287
532,370,226,89,173,146,150,130,291
524,362,225,89,234,148,149,121,287
530,358,229,88,174,142,143,130,292
530,355,226,89,167,142,144,124,282
538,361,234,85,169,142,146,128,289
516,357,232,89,171,142,142,130,285
534,358,231,88,172,142,143,138,286
536,364,225,88,174,151,142,130,278
528,355,234,89,169,164,145,132,286
522,363,230,91,167,142,142,128,285
528,356,225,90,174,149,146,130,293
607,370,248,87,195,155,142,132,282
534,376,239,92,191,152,148,122,297
516,364,227,87,191,145,146,122,278
528,374,237,84,192,169,144,126,283
514,361,224,89,189,142,144,122,285
528,376,238,85,193,148,146,122,281
520,366,227,85,191,147,154,122,278
520,365,242,87,191,151,150,120,282
561,363,226,85,193,146,149,121,273
534,368,238,87,191,162,143,123,281
516,360,225,87,189,146,147,122,274
528,378,238,85,193,148,145,124,274
518,361,230,87,191,148,146,122,277
532,370,231,88,193,150,152,120,286
516,382,229,85,193,153,146,124,288
530,394,232,89,197,159,144,122,296
546,384,224,87,191,146,145,121,287
539,375,232,85,191,151,144,120,290
536,368,223,88,199,148,148,124,295
524,370,233,84,199,144,144,128,288
530,365,230,85,193,142,145,119,289
536,374,229,86,192,147,144,120,288
524,374,225,85,191,147,144,120,294
528,374,239,88,189,156,148,126,295
554,364,225,88,191,148,146,122,288
530,374,239,86,189,144,144,120,292
591,370,248,91,183,151,146,120,282
532,370,227,88,170,163,144,120,290
528,358,217,88,168,153,142,122,278
530,359,232,83,173,142,144,120,291
514,362,227,86,168,142,143,119,285
534,363,228,85,177,142,146,124,279
532,358,219,86,170,144,143,128,282
539,361,234,91,183,142,146,122,283
524,355,222,83,172,149,142,124,290
522,364,231,83,175,144,143,121,279
524,353,224,85,175,142,144,122,288
524,364,235,88,184,149,144,122,286
614,379,238,87,181,149,144,130,276
526,372,234,91,173,152,146,132,281
524,359,228,85,173,146,144,128,277
536,366,233,90,174,147,144,130,276
526,365,232,87,171,152,143,121,277
532,358,225,88,168,146,143,130,278
526,355,228,85,167,146,144,122,278
524,369,228,89,173,164,145,123,273
531,363,228,85,169,148,144,130,276
526,376,229,88,168,155,148,122,276
561,355,226,87,169,146,144,122,272
538,372,225,88,172,165,142,122,276
530,356,229,90,168,149,144,130,280
535,369,234,89,167,156,146,128,277
526,361,228,89,173,146,144,132,277
534,361,232,89,169,150,142,130,279
532,361,224,89,169,146,144,120,282
528,366,231,87,177,151,142,128,288
535,353,228,83,223,149,146,130,278
536,364,231,88,177,146,144,122,278
526,356,229,87,173,140,147,119,279
530,376,238,89,169,166,145,120,280
516,368,225,89,171,142,142,122,275
522,370,233,90,166,151,144,120,278
524,370,227,85,177,148,143,130,284
518,375,236,85,175,146,149,128,276
548,362,219,89,167,144,148,122,1731
532,388,230,89,171,148,144,130,281
522,361,222,83,177,144,142,124,274
539,568,236,87,173,144,144,128,279
530,368,226,87,168,149,146,130,276
541,369,236,85,183,171,146,130,274
524,364,227,88,168,147,146,128,278
535,375,230,89,173,152,144,133,274
552,370,225,88,174,145,146,128,278
530,370,231,88,177,152,142,122,276
524,368,237,86,172,144,145,126,278
619,374,238,89,179,146,144,130,275
524,362,219,90,174,147,142,122,284
609,380,270,89,175,154,143,128,276
520,384,228,87,187,142,150,122,281
528,386,230,87,175,144,144,122,297
530,360,229,88,176,142,145,128,278
547,368,235,87,183,147,148,130,298
538,364,225,86,172,145,146,122,282
538,374,235,90,180,161,148,130,301
530,356,237,88,180,159,142,122,290
534,370,240,89,185,160,147,122,292
532,361,234,89,177,154,147,130,286
530,364,244,89,171,162,145,130,292
533,361,224,91,173,144,144,130,285
522,373,236,87,175,167,146,120,292
530,368,229,88,172,149,146,128,278
532,382,233,88,179,168,144,120,301
534,365,222,87,171,142,146,122,282
530,370,236,91,167,168,147,130,292
524,370,228,87,167,144,146,130,282
536,368,236,89,166,159,146,128,287
522,356,223,89,167,152,142,128,281
530,368,236,87,177,162,144,120,303
522,360,225,90,172,147,142,130,282
534,368,235,88,178,163,144,120,291
528,355,224,91,175,144,144,122,289
530,378,237,90,170,169,144,136,307
535,361,228,85,171,146,144,122,291
528,373,230,89,175,161,148,128,294
601,368,242,91,191,154,146,135,280
526,374,223,90,191,146,142,122,282
516,372,221,88,192,145,144,128,282
534,380,229,90,191,144,144,122,284
528,367,226,87,195,146,151,128,284
532,368,229,92,191,160,146,122,291
510,354,229,89,193,147,148,130,282
526,369,230,87,193,171,142,128,286
618,367,281,101,175,154,142,122,272
528,378,233,90,170,155,146,124,284
510,363,234,87,173,150,144,122,289
530,366,233,88,172,155,142,124,299
522,357,234,87,171,150,146,120,293
528,384,234,87,177,146,146,130,289
526,359,234,89,165,154,146,136,293
522,388,233,88,172,153,142,122,290
534,368,229,88,166,152,145,130,282
540,380,234,89,167,148,144,122,284
516,374,233,86,219,146,147,130,294
529,377,234,89,175,150,145,130,282
514,357,234,87,173,146,142,122,278
520,371,228,87,169,146,144,130,291
525,369,230,83,169,148,146,128,280
524,363,228,89,175,148,147,121,285
533,355,226,87,169,148,142,130,282
534,378,223,88,170,144,145,128,284
528,355,224,85,167,148,146,122,282
532,378,236,89,169,152,142,132,283
528,358,229,88,182,147,146,130,280
532,375,234,89,175,150,143,130,355
530,357,230,83,175,154,144,122,612
535,367,234,91,175,146,144,122,287
522,353,232,91,167,142,144,128,760
532,361,230,89,173,142,149,130,302
532,368,231,92,170,151,144,124,280
530,376,244,89,185,146,145,132,290
532,367,234,89,175,142,144,132,279
536,370,235,88,177,148,146,122,296
518,365,228,89,167,148,144,128,285
532,374,235,88,174,145,144,120,294
516,372,234,89,181,144,144,128,287
538,382,230,89,167,156,146,130,299
530,378,230,87,167,144,148,128,286
536,376,229,92,181,146,146,130,291
528,366,230,89,171,142,148,130,282
534,376,230,89,169,150,144,128,285
609,357,246,88,178,163,144,130,276
530,386,236,89,191,145,152,95,289
522,366,229,84,195,142,152,122,291
536,361,230,89,193,142,145,119,297
524,363,238,89,197,147,142,124,278
530,362,237,88,191,156,152,120,303
514,372,225,89,195,139,150,128,296
536,384,238,87,191,148,149,119,297
530,360,231,88,193,146,142,128,290
547,376,235,90,174,151,144,120,292
530,362,227,90,170,143,146,128,290
532,376,235,87,177,148,145,128,290
522,362,225,88,174,141,148,120,290
540,370,234,87,175,142,144,3366,292
536,370,230,89,175,144,148,120,282
528,370,236,89,177,148,150,128,299
524,356,229,87,177,140,143,130,302
528,376,234,83,181,144,144,120,301
530,367,228,85,169,142,144,130,278
516,378,231,86,172,141,146,122,294
522,364,235,88,168,142,145,127,291
530,374,234,87,179,152,152,128,303
522,370,227,87,167,150,149,130,302
536,372,230,89,168,147,144,122,302
515,356,225,86,170,145,148,122,278
524,366,225,88,180,151,148,120,296
528,361,226,87,177,142,144,130,297
520,364,230,83,177,164,148,130,285
528,362,225,88,166,144,149,120,284
528,370,225,88,174,151,146,120,284
516,369,226,89,175,142,142,130,277
605,386,256,90,193,150,152,130,283
522,364,225,86,192,143,142,122,280
530,376,223,86,193,148,144,122,284
520,355,228,87,193,153,142,130,284
522,372,223,88,193,140,146,130,280
513,370,224,87,191,142,142,132,281
524,376,223,87,193,167,144,130,291
610,355,250,85,248,163,144,130,276
540,378,238,87,195,165,142,122,306
522,370,225,87,191,153,144,130,292
522,368,246,89,191,144,148,122,287
784,378,331,85,313,410,144,120,287
528,368,290,88,191,156,146,120,278
534,362,227,87,191,145,146,120,290
526,376,244,91,193,153,146,122,282
531,367,228,85,193,144,142,130,281
532,376,246,91,189,152,144,120,291
533,363,234,85,195,148,149,128,282
535,367,232,87,191,148,147,107,291
530,366,227,86,197,156,142,120,285
530,378,231,88,195,146,144,120,280
510,367,232,87,191,152,143,121,279
520,370,231,88,191,148,142,130,295
512,357,230,87,191,154,147,119,285
522,370,229,90,191,154,146,120,288
516,362,235,92,190,149,144,122,276
522,356,231,87,193,149,146,128,288
520,370,225,91,193,151,144,120,276
532,376,235,90,191,146,142,120,284
524,361,228,91,195,148,145,121,287
535,369,228,91,191,146,149,120,280
524,364,227,90,191,142,152,128,284
516,366,227,90,193,152,146,122,284
518,361,232,87,195,142,148,130,273
524,362,239,92,189,152,150,128,285
528,364,229,90,193,148,144,122,274
536,368,235,90,191,154,148,130,283
526,370,231,86,193,154,144,122,274
520,370,233,89,193,149,146,134,288
520,368,235,90,191,144,142,122,284
524,386,232,89,193,148,144,120,289
518,365,228,87,189,152,153,120,284
530,367,222,91,193,155,142,130,282
522,362,225,90,189,156,148,120,279
539,369,232,87,191,161,144,134,290
613,360,244,87,191,148,145,121,281
530,371,228,89,191,151,144,128,294
604,369,246,89,171,159,150,130,276
530,361,226,91,195,161,144,120,294
531,367,226,89,197,148,145,119,287
534,368,237,88,195,156,142,130,297
530,356,231,86,239,147,144,118,284
532,363,228,87,177,154,142,124,291
516,363,228,85,173,144,144,122,289
526,360,225,87,173,159,142,122,274
530,353,224,87,173,146,148,120,278
534,356,221,87,175,150,145,122,278
534,358,225,85,175,154,145,101,277
539,363,230,83,175,162,146,128,279
524,355,226,85,169,154,144,122,289
524,378,224,89,167,170,147,121,285
518,353,222,87,168,145,144,120,284
530,364,232,87,171,150,146,122,295
526,355,224,89,166,147,144,122,290
528,368,225,88,172,157,146,120,288
516,363,224,85,173,156,146,122,295
542,368,226,85,177,158,148,122,291
524,355,218,87,166,159,146,122,288
528,366,223,86,172,145,148,120,288
526,354,221,86,166,150,143,130,282
524,368,224,87,181,156,144,120,291
532,356,217,92,174,151,142,122,290
534,356,223,87,169,158,153,120,292
520,356,227,88,217,148,145,119,295
526,378,223,87,167,156,143,126,290
532,359,224,87,177,152,146,122,277
524,357,222,91,175,156,144,122,297
611,364,244,89,193,153,150,130,282
526,366,234,89,191,156,146,120,293
516,355,220,85,191,148,143,126,280
526,365,226,87,193,157,148,120,282
524,370,215,88,189,150,146,122,285
610,359,248,87,173,150,143,119,279
520,366,223,88,174,147,150,120,416
524,363,232,87,183,160,149,130,408
514,357,226,89,173,152,149,123,283
522,372,233,90,174,143,144,120,294
514,370,225,88,174,143,142,122,272
522,372,227,88,184,159,150,122,288
528,362,225,87,171,146,147,130,294
527,373,232,91,171,160,145,121,285
522,362,227,90,176,142,143,124,278
524,378,236,91,165,164,147,123,291
518,369,224,89,169,150,144,120,284
528,378,228,87,177,160,146,128,299
514,353,219,92,164,144,147,122,272
532,374,233,90,172,147,148,120,296
522,359,222,91,167,144,146,122,282
528,370,240,89,177,168,147,120,290
534,355,238,87,167,150,144,120,287
531,361,240,89,173,162,153,120,294
518,360,223,85,173,150,149,120,284
530,372,235,90,180,155,146,120,284
518,361,218,91,179,146,149,121,285
532,364,227,89,171,165,146,122,288
530,355,224,85,175,156,146,122,305
524,364,234,91,173,148,148,136,305
526,360,225,89,175,154,147,120,274
536,356,223,89,169,152,145,119,287
534,360,219,89,167,154,149,120,282
534,368,239,88,172,165,144,122,301
524,353,224,89,175,144,146,122,274
533,367,232,87,175,158,151,121,295
693,361,224,89,167,154,148,120,293
528,373,228,89,175,142,144,118,287
522,370,223,88,168,144,147,122,288
534,378,227,88,172,142,149,126,292
524,380,223,88,166,153,146,124,282
533,369,232,91,167,150,142,120,301
522,355,228,89,167,142,148,120,291
605,361,242,87,197,151,142,130,280
528,364,223,88,191,146,144,128,291
530,360,243,88,193,146,144,132,289
532,363,234,85,191,144,147,121,277
534,369,242,90,191,154,142,132,282
524,355,226,87,193,154,144,122,279
528,367,236,89,191,153,144,122,288
530,358,229,84,193,146,144,120,286
542,372,236,89,189,146,147,126,294
526,356,231,89,195,149,146,122,282
524,361,238,91,193,149,144,130,294
522,362,223,88,191,142,142,132,285
538,376,240,87,191,150,145,127,301
516,363,230,85,191,142,145,128,282
526,363,228,89,191,147,144,128,284
514,366,225,90,193,148,148,128,287
536,370,227,90,193,154,144,130,291
532,364,223,90,191,146,148,122,282
531,365,226,85,191,162,145,130,290
527,361,224,85,231,151,144,130,290
532,366,225,86,168,157,148,130,286
522,355,228,87,167,144,144,120,290
530,376,229,87,167,154,143,132,282
522,362,221,87,167,150,146,128,289
535,371,224,91,167,154,144,128,281
516,361,221,88,168,151,144,120,294
537,363,228,87,173,146,142,122,282
520,362,221,91,167,146,144,120,279
531,365,226,89,175,142,142,128,284
532,357,224,83,171,142,148,130,285
528,371,236,89,173,161,146,130,284
520,353,228,85,167,144,144,122,278
524,369,236,89,173,156,143,119,287
514,362,236,89,167,146,148,120,272
598,353,240,89,177,164,147,124,282
536,376,221,85,175,146,144,122,287
532,371,224,89,175,148,142,124,295
516,362,217,92,174,145,144,120,286
603,358,248,89,171,162,148,130,281
526,366,233,86,172,149,146,120,280
523,379,236,87,171,146,146,132,283
520,364,223,87,171,144,146,120,295
526,363,230,87,173,140,142,132,295
532,368,226,87,168,147,144,120,282
522,370,243,86,176,143,148,120,288
532,372,221,86,168,143,142,130,276
530,374,225,84,174,141,146,130,290
514,370,221,87,173,140,142,124,280
530,378,229,92,178,153,144,134,299
532,359,222,87,169,146,144,122,284
530,362,236,91,185,140,144,122,291
532,354,225,84,174,142,141,121,279
530,368,227,90,176,140,145,119,289
520,362,221,90,178,143,142,130,294
524,378,229,90,193,140,146,122,298
512,363,224,89,175,144,148,122,286
520,374,228,91,175,144,144,122,299
524,382,224,89,175,142,142,128,288
535,375,226,89,179,144,153,128,300
528,369,224,89,171,142,144,120,282
527,369,226,91,171,140,148,128,297
516,362,233,90,168,145,146,128,288
528,370,235,88,172,141,144,120,316
528,362,223,88,174,143,144,120,282
530,366,230,87,187,142,142,120,309
518,362,225,88,166,147,142,122,284
532,370,223,88,174,149,142,122,284
524,355,222,83,169,144,142,120,280
