end,isr_entry,iret,c_entry,c_exit,first_try_handle_mm_fault_with_mm_lock_end,first_try_handle_mm_fault_with_mm_lock_page_table_walk_end,first_try_handle_mm_fault_with_mm_lock_start,first_try_lock_mm_and_find_vma_end,first_try_lock_mm_and_find_vma_start,handle_mm_fault_with_vma_lock_end,handle_mm_fault_with_vma_lock_page_table_walk_end,handle_mm_fault_with_vma_lock_start,lock_vma_under_rcu_end,lock_vma_under_rcu_start,page_allocation_end,page_allocation_start,retry_handle_mm_fault_with_mm_lock_end,retry_handle_mm_fault_with_mm_lock_page_table_walk_end,retry_handle_mm_fault_with_mm_lock_start,retry_lock_mm_and_find_vma_end,retry_lock_mm_and_find_vma_start,wake_up_userfaultfd_end,wake_up_userfaultfd_start
10530,1551,9496,2579,9160,,,,,,8770,5321,4367,4062,3384,,,,,,,,,
6703,1485,5856,2525,5622,,,,,,5293,4304,3601,3361,2833,,,,,,,,,
6388,1442,5663,2476,5368,,,,,,4980,4298,3652,3394,2862,,,,,,,,,
6086,1503,5377,2429,5102,,,,,,4775,4310,3465,3248,2736,,,,,,,,,
6228,1456,5490,2488,5216,,,,,,4846,4302,3628,3386,2876,,,,,,,,,
6072,1392,5341,2310,5097,,,,,,4735,4118,3608,3391,2651,,,,,,,,,
6461,1412,5699,2614,5401,,,,,,4987,4381,3743,3514,2994,,,,,,,,,
6315,1483,5529,2514,5242,,,,,,4901,4290,3703,3477,2917,,,,,,,,,
7461,3043,6723,4026,6472,,,,,,6106,5598,5098,4891,4381,,,,,,,,,
7457,1430,6703,2700,6417,,,,,,6009,4473,3864,3636,3114,,,,,,,,,
6591,1430,5734,2578,5417,,,,,,5031,4446,3845,3618,3075,,,,,,,,,
6074,1453,5332,2464,5078,,,,,,4682,4118,3533,3297,2783,,,,,,,,,
6050,1374,5326,2361,5079,,,,,,4727,3929,3427,3214,2700,,,,,,,,,
6057,1450,5367,2383,4806,,,,,,4467,3926,3396,3201,2720,,,,,,,,,
9876,2354,8511,3737,8121,,,,,,7395,6388,5330,5076,4249,,,,,,,,,
14852,3394,13372,5505,12730,,,,,,12066,10467,9084,8812,6366,,,,,,,,,
14923,2017,13461,5537,13099,,,,,,12506,11434,9591,9366,6863,,,,,,,,,
15015,1702,13467,4542,12886,,,,,,12303,10616,8737,8511,6092,,,,,,,,,
6636,1493,6017,2452,5777,,,,,,5464,4367,3673,3443,2888,,,,,,,,,
5386,1314,4700,2281,4476,,,,,,4107,3664,3221,3038,2555,,,,,,,,,
9705,1564,8501,3100,8220,,,,,,7538,6809,5401,5147,3942,,,,,,,,,
15503,2172,14491,3661,14105,,,,,,13732,11351,8001,7749,4701,,,,,,,,,
7091,1459,6330,2405,6023,,,,,,5667,4723,3892,3652,2964,,,,,,,,,
39841,33959,39039,35019,38686,,,,,,38151,37256,36488,36246,35486,,,,,,,,,
6605,1651,5864,2616,5590,,,,,,5202,4617,3985,3760,3010,,,,,,,,,
6205,1804,5486,2742,5218,,,,,,4869,4408,3829,3593,3049,,,,,,,,,
7567,1365,6783,2330,6502,,,,,,5690,4812,3657,3413,2842,,,,,,,,,
6758,1641,6002,2643,5694,,,,,,5295,4686,3756,3532,2976,,,,,,,,,
7426,1490,6684,2784,6382,,,,,,6012,4734,3895,3652,3132,,,,,,,,,
7120,1512,6328,2537,6039,,,,,,5631,4626,4008,3760,3084,,,,,,,,,
7932,2169,7191,3406,6904,,,,,,6514,5600,4836,4580,3959,,,,,,,,,
7248,1558,6413,2769,6159,,,,,,5771,4956,3945,3703,3195,,,,,,,,,
7307,1380,6511,2351,6216,,,,,,5790,5016,4130,3876,2930,,,,,,,,,
8108,1582,7345,2715,7056,,,,,,6678,5531,4214,3971,3345,,,,,,,,,
7109,1405,6284,2583,5980,,,,,,5585,4897,3845,3631,2937,,,,,,,,,
6547,1422,5777,2411,5454,,,,,,5036,4491,3872,3671,2923,,,,,,,,,
6996,1424,6216,2444,5917,,,,,,5466,4660,3640,3358,2842,,,,,,,,,
6411,1562,5657,2438,5371,,,,,,5007,4420,3575,3329,2781,,,,,,,,,
6614,1349,5572,2377,5294,,,,,,4890,4272,3695,3454,2757,,,,,,,,,
7522,1867,6777,2875,6450,,,,,,6121,5306,4455,4215,3722,,,,,,,,,
7503,1840,6744,2852,6437,,,,,,6027,5269,4511,4262,3222,,,,,,,,,
7133,1389,6327,2427,6012,,,,,,5608,4501,3613,3363,2807,,,,,,,,,
7715,1847,6992,2846,6695,,,,,,6279,5383,4536,4300,3478,,,,,,,,,
5990,1647,5275,2610,4999,,,,,,4586,4131,3656,3424,2935,,,,,,,,,
6195,1436,5464,2376,5212,,,,,,4816,3995,3502,3260,2689,,,,,,,,,
6849,1446,6081,2730,5821,,,,,,5488,4816,4030,3780,3148,,,,,,,,,
6686,1543,5945,2583,5655,,,,,,5254,4550,3743,3526,2985,,,,,,,,,
7587,1401,6811,2447,6524,,,,,,6104,5350,4751,4499,3628,,,,,,,,,
6602,1572,5812,2665,5493,,,,,,5101,4451,3857,3630,3033,,,,,,,,,
5964,1527,5188,2486,4889,,,,,,4499,4046,3587,3394,2833,,,,,,,,,
42138,1395,5795,2350,5496,,,,,,5059,4533,3774,3530,2957,,,,,,,,,
6984,1422,6269,2364,6037,,,,,,5690,4081,3333,3138,2659,,,,,,,,,
6248,1341,5517,2375,5281,,,,,,4952,4185,3441,3207,2681,,,,,,,,,
9587,1781,8499,3069,8192,,,,,,7716,5856,4956,4647,3526,,,,,,,,,
12809,2378,10690,4219,10292,,,,,,9906,8769,7166,6863,5340,,,,,,,,,
13730,2247,12338,4061,11926,,,,,,11199,9990,7262,7014,5101,,,,,,,,,
6559,1542,5834,2491,5607,,,,,,5282,4546,3732,3498,2925,,,,,,,,,
9347,1846,8399,3284,8068,,,,,,7454,6611,5344,5092,4072,,,,,,,,,
10745,2937,9748,4174,9358,,,,,,8686,7430,6471,6134,4869,,,,,,,,,
10482,2050,9062,3510,8684,,,,,,8276,7049,5604,5324,4148,,,,,,,,,
6471,1312,5768,2340,5537,,,,,,5200,4480,3700,3467,2860,,,,,,,,,
5724,1314,5005,2238,4739,,,,,,4392,3967,3319,3128,2590,,,,,,,,,
6124,1314,5383,2246,5147,,,,,,4771,3684,3199,2990,2557,,,,,,,,,
6458,1453,5729,2424,5493,,,,,,5042,4132,3557,3309,2816,,,,,,,,,
7103,1741,6309,2769,6029,,,,,,5688,4997,4373,4128,3142,,,,,,,,,
6378,1501,5661,2434,5369,,,,,,4940,4514,3788,3595,3140,,,,,,,,,
6732,1337,5513,2551,5281,,,,,,4875,4109,3565,3364,2864,,,,,,,,,
6494,1749,5773,2665,5505,,,,,,5168,4402,3665,3466,2982,,,,,,,,,
6364,1339,5582,2544,5343,,,,,,4993,4299,3531,3328,2840,,,,,,,,,
7555,1504,6870,2513,6645,,,,,,6301,5690,3949,3752,2907,,,,,,,,,
6003,1426,5229,2419,4930,,,,,,4579,4059,3492,3268,2763,,,,,,,,,
7985,2287,7237,3866,6955,,,,,,6592,5854,5072,4837,4252,,,,,,,,,
7221,1739,6478,3006,6236,,,,,,5899,5131,4312,4073,3404,,,,,,,,,
9352,3053,8304,4099,7999,,,,,,7632,6787,5357,5119,4654,,,,,,,,,
7975,1861,7203,2866,6943,,,,,,6464,5517,4609,4355,3433,,,,,,,,,
6532,1442,5821,2446,5594,,,,,,5251,4759,3932,3540,2984,,,,,,,,,
7129,1330,6394,2270,6095,,,,,,5579,4787,3390,3191,2565,,,,,,,,,
7276,1450,6597,2315,6329,,,,,,5943,4986,4036,3796,3046,,,,,,,,,
7099,1588,6319,2616,6053,,,,,,5671,5068,4109,3863,2931,,,,,,,,,
7164,1415,6388,2407,6067,,,,,,5565,4535,3890,3646,3034,,,,,,,,,
7102,1404,6372,2641,6118,,,,,,5767,4940,4172,3971,3214,,,,,,,,,
7507,1672,6480,2651,6195,,,,,,5803,5196,4337,3735,3230,,,,,,,,,
7735,1295,6922,2754,6636,,,,,,6244,4976,3930,3727,3132,,,,,,,,,
8338,3203,7590,4247,7270,,,,,,6871,6278,5699,5462,4871,,,,,,,,,
6942,1338,6171,2380,5882,,,,,,5484,4789,3867,3615,3010,,,,,,,,,
8354,2135,7566,3337,7274,,,,,,6869,5492,4824,4576,3961,,,,,,,,,
7105,1436,6311,2484,6006,,,,,,5588,4603,3977,3731,3061,,,,,,,,,
7150,1507,6411,2509,6157,,,,,,5759,5029,4093,3835,3242,,,,,,,,,
7587,1668,6831,2732,6539,,,,,,6060,5129,4116,3876,3317,,,,,,,,,
6522,1377,5765,2421,5488,,,,,,5151,4522,3705,3455,2752,,,,,,,,,
6397,1445,5682,2554,5363,,,,,,4985,4240,3679,3470,2956,,,,,,,,,
7225,1324,6474,2243,6218,,,,,,5824,4572,3738,3522,2752,,,,,,,,,
7345,1395,6526,2391,6219,,,,,,5706,4619,3522,3319,2777,,,,,,,,,
7047,1278,6234,2269,5946,,,,,,5414,4601,3738,3492,2879,,,,,,,,,
7404,1595,6675,2834,6394,,,,,,5994,5192,4463,4272,3453,,,,,,,,,
8113,1712,7394,2998,7146,,,,,,6827,5793,4907,4700,3630,,,,,,,,,
9645,2688,8897,3715,8655,,,,,,8298,7116,5515,5279,4575,,,,,,,,,
6242,1690,5519,2620,5238,,,,,,4850,4221,3672,3394,2925,,,,,,,,,
6648,1473,5878,2509,5578,,,,,,5174,4341,3717,3484,2929,,,,,,,,,
5832,1371,5078,2360,4769,,,,,,4373,3912,3374,3183,2710,,,,,,,,,
6402,1513,5634,2553,5309,,,,,,4929,4332,3715,3475,2919,,,,,,,,,
5655,1404,4949,2359,4693,,,,,,4343,3886,3342,3120,2647,,,,,,,,,
6135,1485,5361,2527,5092,,,,,,4705,4176,3703,3482,2982,,,,,,,,,
6803,1420,6051,2395,5509,,,,,,5184,4605,3512,3282,2736,,,,,,,,,
6943,1678,6179,2680,5928,,,,,,5558,5003,4414,4136,3543,,,,,,,,,
6606,1483,5822,2576,5509,,,,,,5131,4623,3784,3538,2953,,,,,,,,,
6546,1365,5760,2360,5445,,,,,,5070,3918,3418,3187,2691,,,,,,,,,
6630,1468,5856,2526,5533,,,,,,5130,4503,3709,3457,2914,,,,,,,,,
6577,1546,5823,2588,5521,,,,,,5117,4347,3729,3481,2988,,,,,,,,,
6709,1541,5929,2579,5628,,,,,,5259,4611,3991,3739,2957,,,,,,,,,
7436,1401,6628,2665,6341,,,,,,5959,5216,4349,3605,3067,,,,,,,,,
7280,1412,6538,2431,6228,,,,,,5880,4926,4087,3839,3264,,,,,,,,,
7314,1696,6518,2671,6221,,,,,,5844,5129,4405,4180,3250,,,,,,,,,
7773,1515,6707,2525,6396,,,,,,6014,5090,3695,3451,2880,,,,,,,,,
8332,2169,7546,3424,7227,,,,,,6831,5758,4515,4261,3764,,,,,,,,,
7788,1447,7004,2476,6691,,,,,,6328,4875,3809,3592,3116,,,,,,,,,
7055,1323,6285,2358,6013,,,,,,5631,5009,3983,3752,2972,,,,,,,,,
7058,1466,6335,2435,6055,,,,,,5665,4858,4030,3782,2990,,,,,,,,,
6902,1558,6149,2653,5820,,,,,,5436,4570,3888,3599,3047,,,,,,,,,
6888,1487,6088,2525,5789,,,,,,5375,4753,3768,3520,2903,,,,,,,,,
7902,2669,7128,3732,6837,,,,,,6415,5718,5088,4849,4113,,,,,,,,,
7501,1625,6725,2598,6439,,,,,,6039,4737,3926,3687,2972,,,,,,,,,
7564,1491,6784,2783,6496,,,,,,6092,5484,4668,4406,3179,,,,,,,,,
6352,1385,5257,2328,5019,,,,,,4657,4172,3394,3197,2661,,,,,,,,,
6337,1415,5563,2638,5330,,,,,,4958,4474,3871,3656,3032,,,,,,,,,
6783,2074,6068,3002,5791,,,,,,5413,4936,4089,3870,3311,,,,,,,,,
6386,1446,5629,2426,5334,,,,,,4950,4436,3742,3518,2805,,,,,,,,,
6821,1446,6063,2683,5803,,,,,,5462,4747,3906,3656,3094,,,,,,,,,
9047,2121,8281,4824,8001,,,,,,7581,6908,6189,5941,5220,,,,,,,,,
6971,1436,6226,2435,5931,,,,,,5521,4926,4026,3831,2799,,,,,,,,,
5982,1475,5241,2419,4952,,,,,,4609,3867,3396,3203,2718,,,,,,,,,
8259,1566,7479,3325,7186,,,,,,6167,5567,4808,4554,3989,,,,,,,,,
6630,1442,5882,2549,5600,,,,,,5212,4426,3731,3492,2951,,,,,,,,,
6622,1483,5838,2521,5540,,,,,,5150,4615,3795,3547,3000,,,,,,,,,
7052,2045,6317,3046,5561,,,,,,5159,4594,4066,3859,3347,,,,,,,,,
6540,1556,5764,2591,5466,,,,,,5102,4487,3869,3619,3116,,,,,,,,,
8060,2143,7294,3254,6902,,,,,,6500,5366,4477,4255,3634,,,,,,,,,
6382,1457,5635,2395,5340,,,,,,4918,4294,3652,3413,2797,,,,,,,,,
6222,1379,5456,2397,5196,,,,,,4867,4266,3620,3360,2783,,,,,,,,,
7333,1422,6553,2491,6250,,,,,,5842,5038,4435,4235,2907,,,,,,,,,
7398,1785,6665,2785,6352,,,,,,5885,4455,3878,3687,3177,,,,,,,,,
8135,1424,7003,3908,6754,,,,,,6358,5740,5072,4840,4300,,,,,,,,,
7668,1848,6923,3006,6604,,,,,,6208,5629,5025,4782,4152,,,,,,,,,
6703,1588,5937,2577,5685,,,,,,5360,4653,3993,3751,2953,,,,,,,,,
6356,1432,5582,2391,5300,,,,,,4904,4073,3518,3291,2750,,,,,,,,,
6149,1449,5393,2464,5109,,,,,,4721,4142,3655,3411,2816,,,,,,,,,
6338,1635,5606,2586,5328,,,,,,4934,4107,3608,3405,2887,,,,,,,,,
6630,1438,5781,2420,5454,,,,,,5054,4301,3683,3374,2797,,,,,,,,,
6719,1937,5986,2884,5746,,,,,,5391,4810,4178,3896,3272,,,,,,,,,
6335,1424,5407,2403,5025,,,,,,4592,4034,3412,3195,2722,,,,,,,,,
6167,1412,5472,2283,5232,,,,,,4901,4355,3561,3360,2622,,,,,,,,,
6232,1591,5519,2639,5241,,,,,,4869,4315,3809,3584,3017,,,,,,,,,
6704,1782,5924,2787,5605,,,,,,5135,4668,4004,3754,3218,,,,,,,,,
6592,1424,5773,2444,5446,,,,,,5052,4258,3616,3356,2828,,,,,,,,,
6305,1271,5628,2795,5360,,,,,,4958,4379,3814,3581,3115,,,,,,,,,
6498,1534,5777,2501,5487,,,,,,5060,4231,3652,3411,2866,,,,,,,,,
7115,1846,6378,2866,6080,,,,,,5690,4940,4101,3908,3439,,,,,,,,,
5898,1419,5141,2415,4879,,,,,,4476,4058,3528,3282,2780,,,,,,,,,
6366,1562,5623,2456,5326,,,,,,4948,4044,3549,3354,2742,,,,,,,,,
6488,1422,5699,2382,5395,,,,,,4988,4420,3542,3282,2756,,,,,,,,,
6459,1696,5685,2671,5318,,,,,,4932,4473,3847,3607,3069,,,,,,,,,
5988,1418,5245,2405,4922,,,,,,4589,4006,3498,3301,2819,,,,,,,,,
5565,1332,4840,2216,4578,,,,,,4204,3745,3185,2984,2510,,,,,,,,,
6055,1312,5344,2202,5117,,,,,,4763,3717,3191,2994,2547,,,,,,,,,
6981,1621,6218,2679,5937,,,,,,5494,4800,4097,3861,3083,,,,,,,,,
6296,1354,5600,2303,5195,,,,,,4860,4420,3640,3424,2925,,,,,,,,,
9019,1698,8088,4522,7849,,,,,,7516,6500,5757,5551,4820,,,,,,,,,
9002,1477,7928,2535,6579,,,,,,6120,5334,4229,3991,3451,,,,,,,,,
8239,1734,7513,2679,7241,,,,,,6874,5525,4225,4009,3284,,,,,,,,,
7703,1940,6966,2895,6653,,,,,,6269,5341,4142,3929,3273,,,,,,,,,
7723,1361,6973,2409,6675,,,,,,6281,4769,3567,3315,2793,,,,,,,,,
7759,1629,6979,2643,6642,,,,,,6143,5011,3833,3593,3014,,,,,,,,,
6837,1883,6134,2830,5889,,,,,,5549,4964,4231,4000,3443,,,,,,,,,
6959,1528,6214,2507,5915,,,,,,5564,4296,3626,3407,2882,,,,,,,,,
6136,1330,5405,2342,5109,,,,,,4737,4065,3492,3262,2697,,,,,,,,,
6626,1459,5858,2683,5619,,,,,,5261,4583,3900,3669,3073,,,,,,,,,
6500,1646,5757,2669,5464,,,,,,5135,4630,4077,3850,3015,,,,,,,,,
6683,1887,5882,2809,5590,,,,,,5178,4647,4054,3819,3167,,,,,,,,,
7674,1539,6949,2604,6656,,,,,,6234,5250,4042,3794,3049,,,,,,,,,
7081,1550,6299,2590,6012,,,,,,5665,4528,3813,3563,2992,,,,,,,,,
6423,1408,5655,2481,5379,,,,,,4942,4236,3630,3391,2850,,,,,,,,,
5725,1445,4981,2414,4713,,,,,,4376,3909,3429,3190,2720,,,,,,,,,
6350,1412,5578,2464,5218,,,,,,4822,4221,3598,3356,2840,,,,,,,,,
6831,1473,5806,2560,5472,,,,,,5062,4479,3671,3431,2946,,,,,,,,,
6606,1729,5822,2700,5556,,,,,,5111,4550,3961,3709,3031,,,,,,,,,
6685,1489,5907,2568,5627,,,,,,5210,4524,3918,3667,2937,,,,,,,,,
6520,1438,5761,2486,5474,,,,,,5086,4452,3597,3364,2815,,,,,,,,,
7366,1306,6640,2208,5623,,,,,,5221,4311,3640,3405,2913,,,,,,,,,
7475,1722,6742,3118,6482,,,,,,6108,5348,4517,4290,3729,,,,,,,,,
7670,1544,6904,2549,6280,,,,,,5823,5045,3934,3695,3173,,,,,,,,,
7648,1432,6927,2399,6671,,,,,,6222,5371,4077,3829,2978,,,,,,,,,
7837,1408,7032,2807,6707,,,,,,6244,5003,4268,4016,3206,,,,,,,,,
8273,1375,7481,2663,7186,,,,,,6770,5324,4340,4105,3321,,,,,,,,,
7555,1390,6482,2420,6175,,,,,,5702,4776,3614,3368,2814,,,,,,,,,
6963,1659,6175,2693,5900,,,,,,5565,4558,3961,3695,3022,,,,,,,,,
6444,1424,5664,2452,5343,,,,,,4932,4349,3791,3547,3035,,,,,,,,,
6689,1361,5921,2600,5639,,,,,,5240,4647,3666,3451,2953,,,,,,,,,
6490,1349,5698,2442,5411,,,,,,5011,4416,3538,3327,2844,,,,,,,,,
7552,1428,5899,2476,5606,,,,,,5141,4426,3912,3713,2862,,,,,,,,,
6772,1588,6023,2610,5730,,,,,,5330,4509,3886,3638,3012,,,,,,,,,
6571,1738,5780,2782,5482,,,,,,5070,4517,4003,3747,3170,,,,,,,,,
7499,1466,6727,2490,6427,,,,,,6037,4284,3670,3418,2858,,,,,,,,,
6671,1739,5905,2714,5660,,,,,,5306,4301,3805,3561,3031,,,,,,,,,
6681,1507,5876,2549,5582,,,,,,5192,4353,3737,3490,2945,,,,,,,,,
6299,1441,5507,2454,5188,,,,,,4739,4262,3649,3407,2883,,,,,,,,,
6238,1428,5433,2506,5147,,,,,,4739,4162,3575,3351,2836,,,,,,,,,
6203,1355,5415,2386,5125,,,,,,4724,4127,3516,3272,2780,,,,,,,,,
6792,1375,6016,2326,5730,,,,,,5389,4310,3504,3232,2712,,,,,,,,,
6874,1564,5757,2582,5476,,,,,,5078,4416,3780,3542,2941,,,,,,,,,
6374,1389,5555,2453,5244,,,,,,4840,4290,3770,3532,3040,,,,,,,,,
6234,1424,5486,2514,5185,,,,,,4785,4243,3625,3384,2864,,,,,,,,,
6420,1442,5651,2496,5338,,,,,,4931,4336,3709,3453,2910,,,,,,,,,
7250,1367,6514,2375,6214,,,,,,5870,4910,3849,3616,2756,,,,,,,,,
6415,1422,5647,2448,5314,,,,,,4906,4311,3715,3482,2911,,,,,,,,,
6130,1415,5315,2354,5049,,,,,,4698,4103,3506,3256,2744,,,,,,,,,
6431,1515,5699,2557,5445,,,,,,5098,4361,3751,3500,2963,,,,,,,,,
6508,1582,5756,2630,5486,,,,,,5143,4503,3855,3607,3059,,,,,,,,,
7024,1540,6255,2580,5962,,,,,,5568,4841,4248,3998,3293,,,,,,,,,
6554,1507,5764,2565,5482,,,,,,5080,4318,3705,3455,2943,,,,,,,,,
6323,1426,5531,2478,5224,,,,,,4855,4225,3618,3366,2866,,,,,,,,,
6384,1515,5598,2535,5289,,,,,,4883,4286,3717,3455,2912,,,,,,,,,
6033,1402,5227,2363,4973,,,,,,4611,3933,3370,3179,2688,,,,,,,,,
6225,1478,5431,2535,5188,,,,,,4793,4343,3711,3463,2941,,,,,,,,,
6360,2352,5600,3254,5357,,,,,,5023,4609,4172,3981,3547,,,,,,,,,
6435,1637,5644,2589,5378,,,,,,4988,4397,3782,3542,2914,,,,,,,,,
7599,2669,6853,3650,6573,,,,,,6203,5696,5131,4885,4286,,,,,,,,,
6825,1928,6084,2852,5763,,,,,,5389,4625,4057,3845,3232,,,,,,,,,
6681,1428,5401,2679,5117,,,,,,4698,4266,3756,3502,3029,,,,,,,,,
7376,1522,6612,2899,6336,,,,,,5605,5005,4296,4063,3431,,,,,,,,,
6865,1350,6065,2396,5776,,,,,,5376,4373,3757,3506,2977,,,,,,,,,
7127,1787,6012,2821,5679,,,,,,5257,4554,3963,3735,3185,,,,,,,,,
6083,1330,5293,2287,5005,,,,,,4621,4030,3412,3167,2594,,,,,,,,,
6145,1477,5369,2456,5064,,,,,,4676,4170,3545,3329,2809,,,,,,,,,
6350,1329,5631,2612,5375,,,,,,5038,4260,3715,3498,3002,,,,,,,,,
5549,1318,4826,2234,4568,,,,,,4215,3780,3280,3089,2563,,,,,,,,,
6149,1428,5401,2354,5090,,,,,,4692,3995,3475,3244,2718,,,,,,,,,
6029,1459,5296,2450,5068,,,,,,4678,4105,3553,3293,2765,,,,,,,,,
5901,1389,5139,2360,4899,,,,,,4532,3965,3400,3152,2683,,,,,,,,,
6971,1369,6191,2358,5894,,,,,,5504,4875,4261,3997,2730,,,,,,,,,
6777,1542,6009,2509,5722,,,,,,5375,4372,3758,3516,2990,,,,,,,,,
5369,1544,4725,2377,4471,,,,,,4152,3776,3342,3147,2643,,,,,,,,,
4787,1162,4131,2003,3904,,,,,,3581,3217,2833,2638,2273,,,,,,,,,
4796,1162,4142,1995,3915,,,,,,3590,3236,2834,2637,2263,,,,,,,,,
4775,1147,4107,1972,3879,,,,,,3554,3201,2799,2604,2240,,,,,,,,,
4757,1149,4109,1970,3869,,,,,,3542,3176,2786,2591,2238,,,,,,,,,
5131,1324,4487,2191,4259,,,,,,3934,3497,3105,2912,2457,,,,,,,,,
4999,1132,4347,1977,4122,,,,,,3797,3212,2811,2616,2241,,,,,,,,,
4768,1128,4100,1965,3872,,,,,,3553,3196,2795,2602,2227,,,,,,,,,
4814,1174,4154,2029,3926,,,,,,3597,3244,2856,2659,2295,,,,,,,,,
4739,1131,4074,1968,3847,,,,,,3526,3173,2787,2588,2234,,,,,,,,,
4745,1131,4089,1968,3861,,,,,,3542,3179,2784,2585,2236,,,,,,,,,
4774,1138,4107,1970,3882,,,,,,3557,3187,2787,2592,2239,,,,,,,,,
4759,1138,4085,1983,3862,,,,,,3537,3185,2801,2606,2245,,,,,,,,,
4999,1318,4355,2143,4127,,,,,,3806,3421,3016,2819,2405,,,,,,,,,
4769,1144,4117,1983,3890,,,,,,3563,3195,2807,2610,2247,,,,,,,,,
4780,1142,4116,1971,3886,,,,,,3565,3194,2789,2594,2237,,,,,,,,,
4773,1164,4111,1974,3884,,,,,,3563,3195,2809,2610,2244,,,,,,,,,
4763,1143,4099,1956,3873,,,,,,3554,3197,2801,2602,2222,,,,,,,,,
4782,1144,4119,1972,3892,,,,,,3573,3207,2805,2610,2237,,,,,,,,,
5035,1131,4363,1950,4136,,,,,,3815,3165,2777,2580,2212,,,,,,,,,
4718,1123,4054,1945,3826,,,,,,3510,3152,2762,2567,2210,,,,,,,,,
5248,1123,4300,1933,4072,,,,,,3749,3152,2766,2567,2201,,,,,,,,,
4764,1136,4099,1950,3874,,,,,,3551,3171,2781,2586,2220,,,,,,,,,
4714,1123,4058,1935,3835,,,,,,3510,3144,2754,2559,2206,,,,,,,,,
5391,1414,4729,2567,4501,,,,,,4154,3786,3396,3199,2833,,,,,,,,,
4735,1128,4073,1940,3852,,,,,,3527,3161,2769,2572,2206,,,,,,,,,
5441,1539,4550,2334,4320,,,,,,3993,3634,3217,3018,2602,,,,,,,,,
5369,1144,4175,2024,3951,,,,,,3628,3250,2860,2669,2288,,,,,,,,,
4857,1196,4174,2035,3947,,,,,,3628,3270,2868,2671,2305,,,,,,,,,
5044,1322,4398,2172,4170,,,,,,3845,3467,3071,2872,2438,,,,,,,,,
4834,1164,4135,1980,3912,,,,,,3587,3221,2833,2636,2242,,,,,,,,,
4820,1161,4139,1988,3912,,,,,,3587,3221,2827,2636,2258,,,,,,,,,
5078,1430,4400,2241,4176,,,,,,3851,3482,3076,2881,2507,,,,,,,,,
4816,1162,4116,1987,3888,,,,,,3569,3206,2801,2606,2253,,,,,,,,,
4983,1105,4337,1993,3784,,,,,,3481,3146,2764,2580,2244,,,,,,,,,
5194,1114,4559,2470,4345,,,,,,4039,3687,3238,3059,2724,,,,,,,,,
4558,1097,3906,1877,3691,,,,,,3393,3043,2661,2478,2133,,,,,,,,,
4550,1099,3918,1916,3701,,,,,,3403,3049,2685,2501,2168,,,,,,,,,
4514,1089,3876,1873,3661,,,,,,3360,3011,2647,2462,2115,,,,,,,,,
4566,1101,3920,1893,3707,,,,,,3404,3043,2673,2490,2145,,,,,,,,,
4525,1097,3886,1879,3670,,,,,,3366,3032,2663,2480,2129,,,,,,,,,
4532,1083,3894,1867,3679,,,,,,3378,3015,2643,2456,2111,,,,,,,,,
4530,1085,3900,1877,3689,,,,,,3384,3035,2657,2470,2125,,,,,,,,,
4483,1081,3841,1840,3626,,,,,,3321,2976,2608,2425,2088,,,,,,,,,
4531,1111,3900,1876,3686,,,,,,3380,3034,2656,2470,2126,,,,,,,,,
4731,1247,4119,2015,3906,,,,,,3602,3244,2878,2692,2273,,,,,,,,,
4766,1079,4148,1902,3933,,,,,,3630,3061,2690,2507,2151,,,,,,,,,
4481,1067,3872,1861,3661,,,,,,3356,3013,2635,2446,2113,,,,,,,,,
4810,1400,4201,2192,3986,,,,,,3687,3348,2978,2795,2446,,,,,,,,,
5245,1087,4634,2330,4422,,,,,,3843,3492,3108,2931,2578,,,,,,,,,
4607,1077,3996,1865,3782,,,,,,3476,3029,2663,2478,2119,,,,,,,,,
4509,1085,3900,1865,3685,,,,,,3380,3033,2651,2470,2113,,,,,,,,,
4497,1083,3892,1859,3679,,,,,,3372,3033,2651,2464,2110,,,,,,,,,
4497,1081,3892,1875,3675,,,,,,3374,3023,2659,2472,2127,,,,,,,,,
4489,1079,3880,1859,3670,,,,,,3360,3016,2647,2464,2114,,,,,,,,,
4751,1085,3868,1859,3658,,,,,,3352,3012,2631,2450,2113,,,,,,,,,
4743,1076,4131,1862,3916,,,,,,3609,3026,2642,2459,2118,,,,,,,,,
4479,1074,3861,1860,3646,,,,,,3343,3002,2640,2453,2114,,,,,,,,,
4479,1063,3868,1847,3653,,,,,,3348,2999,2617,2432,2095,,,,,,,,,
4964,1073,4095,2084,3882,,,,,,3579,3238,2852,2665,2336,,,,,,,,,
4491,1075,3874,1859,3657,,,,,,3356,3011,2633,2446,2109,,,,,,,,,
4513,1089,3896,1869,3685,,,,,,3380,3039,2661,2470,2117,,,,,,,,,
5032,1242,4167,2052,3949,,,,,,3638,3289,2917,2728,2308,,,,,,,,,
4596,1090,3942,1917,3727,,,,,,3424,3079,2709,2522,2167,,,,,,,,,
5128,1090,4476,2449,4257,,,,,,3956,3611,3237,3048,2701,,,,,,,,,
4558,1075,3908,1881,3693,,,,,,3390,3045,2667,2484,2127,,,,,,,,,
4544,1064,3894,1871,3682,,,,,,3376,3034,2673,2484,2120,,,,,,,,,
4731,1071,4087,1885,3872,,,,,,3569,3039,2675,2491,2135,,,,,,,,,
4518,1067,3874,1859,3663,,,,,,3358,3017,2647,2460,2103,,,,,,,,,
4780,1239,4170,2050,3955,,,,,,3642,3285,2901,2714,2304,,,,,,,,,
4676,1093,4058,1856,3841,,,,,,3538,3006,2638,2454,2106,,,,,,,,,
4974,1088,4347,1848,4137,,,,,,3831,3493,2628,2443,2104,,,,,,,,,
4510,1097,3880,1871,3667,,,,,,3362,3025,2659,2472,2125,,,,,,,,,
4537,1099,3898,1897,3686,,,,,,3378,3040,2671,2484,2147,,,,,,,,,
4501,1097,3873,1877,3658,,,,,,3353,3020,2651,2464,2131,,,,,,,,,
4532,1099,3906,1879,3691,,,,,,3382,3049,2667,2480,2135,,,,,,,,,
4755,1099,4132,1881,3916,,,,,,3612,3049,2667,2484,2135,,,,,,,,,
4485,1099,3865,1862,3652,,,,,,3345,2996,2624,2445,2112,,,,,,,,,
25923,21383,25198,22376,24925,,,,,,24523,24089,23516,23329,22730,,,,,,,,,
4797,1119,4174,1915,3960,,,,,,3654,3073,2703,2520,2157,,,,,,,,,
4646,1089,4014,1843,3805,,,,,,3494,2995,2623,2440,2091,,,,,,,,,
4475,1085,3841,1842,3628,,,,,,3323,2978,2608,2427,2088,,,,,,,,,
4871,1082,4251,2021,4036,,,,,,3516,3181,2799,2614,2271,,,,,,,,,
4686,1082,4066,1846,3851,,,,,,3546,3215,2846,2661,2092,,,,,,,,,
4471,1066,3847,1834,3634,,,,,,3335,2982,2602,2423,2076,,,,,,,,,
4609,1124,3975,1928,3764,,,,,,3464,3067,2698,2513,2170,,,,,,,,,
4465,1077,3848,1849,3634,,,,,,3332,2999,2623,2438,2095,,,,,,,,,
4719,1087,4095,1841,3876,,,,,,3575,3244,2619,2434,2089,,,,,,,,,
4481,1081,3853,1841,3638,,,,,,3336,2990,2627,2440,2086,,,,,,,,,
4754,1093,3864,1853,3649,,,,,,3344,3011,2639,2454,2103,,,,,,,,,
4766,1093,3862,1853,3646,,,,,,3346,3007,2637,2454,2099,,,,,,,,,
4820,1089,4199,2174,3987,,,,,,3683,3333,2964,2779,2421,,,,,,,,,
4690,1243,4064,2017,3849,,,,,,3542,3213,2839,2658,2264,,,,,,,,,
4520,1099,3896,1889,3683,,,,,,3384,3043,2681,2492,2133,,,,,,,,,
4739,1099,4130,1863,3920,,,,,,3614,3019,2653,2466,2109,,,,,,,,,
5074,1168,4430,1975,4215,,,,,,3910,3553,3140,2954,2531,,,,,,,,,
4759,1373,4144,2147,3929,,,,,,3624,3287,2913,2732,2395,,,,,,,,,
4499,1091,3866,1867,3650,,,,,,3346,3008,2641,2456,2119,,,,,,,,,
4464,1084,3843,1854,3628,,,,,,3327,2990,2624,2445,2104,,,,,,,,,
4570,1073,3929,1840,3719,,,,,,3356,3010,2635,2454,2094,,,,,,,,,
4523,1099,3890,1871,3678,,,,,,3372,3037,2655,2470,2124,,,,,,,,,
4948,1093,4325,1859,4107,,,,,,3805,3240,2639,2454,2112,,,,,,,,,
4485,1073,3864,1849,3648,,,,,,3344,3006,2631,2444,2105,,,,,,,,,
4582,1078,3945,1885,3729,,,,,,3380,3039,2665,2482,2133,,,,,,,,,
4501,1081,3872,1855,3660,,,,,,3356,3019,2639,2452,2109,,,,,,,,,
4454,1068,3837,1840,3622,,,,,,3317,2984,2626,2437,2088,,,,,,,,,
4455,1063,3835,1829,3616,,,,,,3319,2980,2613,2426,2080,,,,,,,,,
4479,1079,3862,1843,3648,,,,,,3338,3000,2619,2432,2095,,,,,,,,,
4483,1070,3847,1846,3634,,,,,,3329,2996,2620,2431,2094,,,,,,,,,
4873,1071,4246,2133,4030,,,,,,3726,3295,2913,2726,2381,,,,,,,,,
4497,1072,3867,1842,3652,,,,,,3345,2988,2622,2429,2096,,,,,,,,,
4733,1241,4122,1995,3894,,,,,,3589,3232,2840,2657,2245,,,,,,,,,
4889,1129,4005,1893,3788,,,,,,3485,3049,2677,2488,2143,,,,,,,,,
4686,1099,4022,1867,3811,,,,,,3502,3055,2680,2497,2127,,,,,,,,,
4629,1090,3989,1858,3737,,,,,,3384,3020,2652,2465,2112,,,,,,,,,
4816,1152,4124,1965,3896,,,,,,3575,3191,2797,2602,2231,,,,,,,,,
4794,1146,4121,1972,3894,,,,,,3571,3193,2799,2604,2238,,,,,,,,,
5094,1164,4418,2264,4192,,,,,,3867,3481,3091,2896,2529,,,,,,,,,
4822,1145,4151,1968,3928,,,,,,3603,3205,2805,2606,2232,,,,,,,,,
4838,1149,4154,1958,3928,,,,,,3603,3191,2797,2602,2228,,,,,,,,,
5070,1158,4123,1970,3896,,,,,,3575,3195,2805,2610,2236,,,,,,,,,
5043,1164,4355,2220,4127,,,,,,3808,3445,3051,2856,2486,,,,,,,,,
5033,1170,4105,1982,3879,,,,,,3558,3191,2801,2606,2252,,,,,,,,,
4802,1148,4085,1968,3857,,,,,,3537,3179,2789,2592,2237,,,,,,,,,
4823,1150,4134,1983,3909,,,,,,3584,3230,2830,2637,2249,,,,,,,,,
4798,1160,4105,1972,3884,,,,,,3559,3201,2811,2616,2242,,,,,,,,,
4761,1141,4095,1960,3871,,,,,,3548,3189,2795,2604,2226,,,,,,,,,
5019,1345,4349,2131,4121,,,,,,3796,3410,3014,2815,2395,,,,,,,,,
4810,1176,4134,1991,3906,,,,,,3583,3214,2830,2633,2261,,,,,,,,,
4751,1141,4071,1950,3841,,,,,,3518,3161,2771,2576,2216,,,,,,,,,
4793,1127,4101,1950,3873,,,,,,3554,3189,2784,2585,2214,,,,,,,,,
4749,1133,4085,1958,3857,,,,,,3536,3179,2791,2594,2224,,,,,,,,,
4757,1135,4101,1950,3873,,,,,,3548,3195,2795,2600,2216,,,,,,,,,
5265,1333,4611,2200,4388,,,,,,4067,3476,3070,2875,2468,,,,,,,,,
4735,1132,4085,1961,3862,,,,,,3539,3185,2795,2596,2227,,,,,,,,,
4729,1137,4071,1954,3843,,,,,,3520,3167,2771,2578,2218,,,,,,,,,
4737,1150,4085,1962,3857,,,,,,3528,3169,2781,2584,2222,,,,,,,,,
4751,1137,4105,1966,3882,,,,,,3557,3199,2797,2600,2232,,,,,,,,,
4731,1132,4083,1944,3856,,,,,,3531,3173,2775,2578,2210,,,,,,,,,
4714,1143,4074,1964,3847,,,,,,3524,3170,2780,2581,2230,,,,,,,,,
4729,1146,4089,1970,3863,,,,,,3538,3181,2791,2592,2238,,,,,,,,,
4741,1138,4087,1960,3859,,,,,,3543,3175,2785,2592,2222,,,,,,,,,
4734,1137,4080,1954,3853,,,,,,3532,3176,2786,2589,2222,,,,,,,,,
4975,1302,4331,2131,4103,,,,,,3782,3388,3008,2809,2397,,,,,,,,,
4798,1148,4105,1972,3878,,,,,,3553,3195,2791,2594,2242,,,,,,,,,
4761,1137,4089,1950,3859,,,,,,3542,3181,2779,2582,2216,,,,,,,,,
4721,1134,4059,1944,3835,,,,,,3510,3149,2759,2564,2212,,,,,,,,,
4755,1131,4084,1944,3857,,,,,,3534,3162,2772,2577,2214,,,,,,,,,
4743,1135,4077,1948,3853,,,,,,3530,3165,2777,2582,2212,,,,,,,,,
4769,1135,4101,1962,3876,,,,,,3555,3197,2795,2598,2226,,,,,,,,,
4747,1131,4081,1942,3853,,,,,,3534,3161,2771,2574,2206,,,,,,,,,
4981,1134,4317,1959,4089,,,,,,3766,3175,2783,2584,2227,,,,,,,,,
4873,1154,4203,1967,3980,,,,,,3655,3218,2812,2617,2237,,,,,,,,,
4754,1152,4085,1965,3858,,,,,,3533,3179,2789,2590,2233,,,,,,,,,
4751,1147,4078,1956,3853,,,,,,3530,3173,2772,2573,2222,,,,,,,,,
4824,1152,4154,1976,3928,,,,,,3565,3205,2801,2602,2242,,,,,,,,,
4769,1148,4101,1962,3874,,,,,,3553,3195,2791,2592,2226,,,,,,,,,
4714,1247,4109,2011,3894,,,,,,3589,3236,2856,2671,2263,,,,,,,,,
4505,1083,3865,1865,3646,,,,,,3345,3006,2639,2452,2110,,,,,,,,,
4733,1235,4109,2009,3894,,,,,,3593,3242,2872,2683,2267,,,,,,,,,
4498,1085,3894,1898,3677,,,,,,3378,3039,2669,2483,2143,,,,,,,,,
4476,1078,3861,1856,3646,,,,,,3345,3000,2620,2435,2104,,,,,,,,,
4475,1082,3859,1856,3650,,,,,,3347,3012,2628,2441,2108,,,,,,,,,
4448,1081,3835,1844,3620,,,,,,3317,2980,2618,2431,2096,,,,,,,,,
4461,1089,3853,1863,3638,,,,,,3337,3000,2637,2450,2117,,,,,,,,,
4462,1076,3847,1842,3632,,,,,,3325,2994,2610,2429,2090,,,,,,,,,
4477,1075,3864,1842,3650,,,,,,3344,3004,2620,2434,2100,,,,,,,,,
4459,1087,3849,1861,3640,,,,,,3329,2996,2635,2448,2115,,,,,,,,,
4480,1080,3859,1852,3644,,,,,,3339,3004,2624,2435,2100,,,,,,,,,
4544,1073,3920,1840,3707,,,,,,3388,2984,2614,2425,2094,,,,,,,,,
4453,1067,3835,1838,3620,,,,,,3317,2984,2600,2419,2084,,,,,,,,,
5593,1069,4678,2692,4461,,,,,,4163,3825,3458,3273,2946,,,,,,,,,
4783,1066,4166,2080,3949,,,,,,3646,3213,2842,2659,2330,,,,,,,,,
4465,1068,3839,1836,3624,,,,,,3321,2984,2604,2423,2090,,,,,,,,,
4466,1072,3835,1840,3617,,,,,,3315,2977,2606,2425,2092,,,,,,,,,
4715,1071,4083,2078,3874,,,,,,3567,3230,2852,2665,2332,,,,,,,,,
4977,1255,4359,2041,4146,,,,,,3841,3232,2864,2677,2295,,,,,,,,,
4530,1103,3913,1906,3703,,,,,,3399,3063,2692,2507,2158,,,,,,,,,
5344,1082,4446,2100,4233,,,,,,3597,3260,2880,2693,2354,,,,,,,,,
4499,1087,3892,1871,3675,,,,,,3374,3035,2659,2472,2121,,,,,,,,,
4508,1083,3892,1867,3683,,,,,,3372,3027,2641,2454,2121,,,,,,,,,
4485,1084,3873,1860,3658,,,,,,3357,3008,2640,2455,2114,,,,,,,,,
4521,1085,3918,1877,3703,,,,,,3398,3041,2659,2476,2129,,,,,,,,,
4988,1084,4379,2116,4164,,,,,,3859,3520,2896,2711,2366,,,,,,,,,
4485,1097,3879,1870,3664,,,,,,3363,3014,2650,2466,2124,,,,,,,,,
4761,1085,3898,1877,3685,,,,,,3378,3041,2665,2478,2125,,,,,,,,,
4481,1078,3877,1871,3662,,,,,,3359,3020,2651,2464,2127,,,,,,,,,
4548,1087,3939,1897,3726,,,,,,3421,3067,2692,2509,2151,,,,,,,,,
4505,1088,3894,1891,3680,,,,,,3374,3036,2671,2482,2141,,,,,,,,,
4512,1091,3904,1879,3693,,,,,,3386,3051,2669,2487,2125,,,,,,,,,
4483,1067,3866,1851,3650,,,,,,3348,3009,2625,2442,2099,,,,,,,,,
4466,1072,3859,1864,3648,,,,,,3347,3010,2644,2455,2114,,,,,,,,,
4465,1077,3860,1857,3648,,,,,,3344,3007,2647,2462,2109,,,,,,,,,
4688,1213,4085,1985,3874,,,,,,3569,3199,2817,2635,2230,,,,,,,,,
4511,1093,3882,1873,3669,,,,,,3364,3027,2659,2478,2121,,,,,,,,,
4534,1099,3910,1869,3699,,,,,,3396,3039,2657,2472,2125,,,,,,,,,
4505,1117,3896,1885,3682,,,,,,3376,3038,2671,2486,2137,,,,,,,,,
4757,1251,4140,2053,3924,,,,,,3613,3262,2890,2701,2307,,,,,,,,,
4540,1095,3919,1894,3705,,,,,,3399,3064,2704,2515,2149,,,,,,,,,
4863,1099,4237,1905,4022,,,,,,3719,3087,2708,2521,2155,,,,,,,,,
4567,1105,3941,1906,3726,,,,,,3419,3082,2718,2529,2160,,,,,,,,,
4530,1089,3906,1893,3691,,,,,,3390,3051,2687,2503,2149,,,,,,,,,
4767,1087,4138,1885,3926,,,,,,3620,3285,2915,2730,2139,,,,,,,,,
4517,1080,3894,1891,3678,,,,,,3374,3037,2667,2484,2139,,,,,,,,,
4501,1085,3876,1881,3660,,,,,,3356,3025,2665,2480,2133,,,,,,,,,
4509,1076,3879,1880,3664,,,,,,3361,3022,2660,2474,2130,,,,,,,,,
4772,1341,4144,2135,3929,,,,,,3626,3289,2925,2736,2389,,,,,,,,,
5103,1083,4154,1885,3939,,,,,,3634,3053,2683,2503,2137,,,,,,,,,
4900,1363,4274,2164,3970,,,,,,3663,3328,2962,2775,2414,,,,,,,,,
4875,1235,4233,2019,4024,,,,,,3717,3250,2872,2686,2275,,,,,,,,,
4605,1109,3951,1924,3736,,,,,,3433,3080,2710,2533,2176,,,,,,,,,
5340,1089,4183,1922,3973,,,,,,3663,3082,2712,2525,2174,,,,,,,,,
4542,1091,3923,1912,3709,,,,,,3403,3055,2690,2507,2166,,,,,,,,,
4559,1087,3927,1898,3714,,,,,,3395,3049,2688,2505,2149,,,,,,,,,
4552,1091,3921,1897,3707,,,,,,3401,3065,2692,2509,2147,,,,,,,,,
4537,1080,3906,1882,3692,,,,,,3392,3046,2669,2482,2130,,,,,,,,,
4654,1097,4030,1891,3815,,,,,,3510,3049,2681,2494,2143,,,,,,,,,
4844,1105,4225,2220,4013,,,,,,3705,3370,3006,2821,2468,,,,,,,,,
5034,1079,4410,2119,4195,,,,,,3626,3289,2911,2724,2369,,,,,,,,,
4518,1081,3886,1879,3671,,,,,,3368,3031,2655,2472,2133,,,,,,,,,
4538,1090,3912,1883,3697,,,,,,3392,3055,2677,2488,2137,,,,,,,,,
4525,1090,3900,1891,3686,,,,,,3380,3034,2665,2478,2142,,,,,,,,,
4721,1085,4087,1889,3868,,,,,,3567,3230,2862,2677,2141,,,,,,,,,
4728,1231,4101,1984,3887,,,,,,3575,3193,2821,2636,2236,,,,,,,,,
4566,1111,3943,1916,3728,,,,,,3423,3088,2714,2527,2170,,,,,,,,,
4531,1086,3906,1893,3694,,,,,,3388,3049,2673,2488,2147,,,,,,,,,
4749,1243,4134,2033,3918,,,,,,3618,3248,2885,2696,2291,,,,,,,,,
4505,1066,3878,1840,3662,,,,,,3362,3012,2643,2458,2094,,,,,,,,,
4499,1103,3868,1877,3658,,,,,,3352,3010,2645,2458,2119,,,,,,,,,
4479,1069,3870,1849,3654,,,,,,3350,3013,2641,2452,2094,,,,,,,,,
4479,1074,3861,1844,3646,,,,,,3341,2998,2632,2449,2092,,,,,,,,,
4468,1068,3855,1840,3640,,,,,,3339,2992,2620,2437,2088,,,,,,,,,
4491,1077,3876,1840,3664,,,,,,3362,3023,2647,2462,2098,,,,,,,,,
4459,1070,3837,1830,3626,,,,,,3325,2984,2606,2425,2078,,,,,,,,,
4459,1077,3848,1835,3638,,,,,,3334,2997,2613,2426,2087,,,,,,,,,
4463,1071,3858,1830,3644,,,,,,3334,2994,2610,2424,2072,,,,,,,,,
4472,1072,3865,1828,3648,,,,,,3339,2994,2612,2429,2080,,,,,,,,,
4461,1071,3854,1839,3642,,,,,,3334,2999,2617,2434,2089,,,,,,,,,
4432,1069,3825,1816,3610,,,,,,3303,2964,2600,2415,2064,,,,,,,,,
4436,1074,3822,1824,3607,,,,,,3304,2971,2602,2415,2076,,,,,,,,,
4846,1472,4229,2232,4016,,,,,,3703,3370,3002,2813,2480,,,,,,,,,
4420,1066,3815,1818,3599,,,,,,3295,2957,2600,2415,2072,,,,,,,,,
4828,1255,4219,2074,3979,,,,,,3672,3321,2943,2762,2325,,,,,,,,,
4964,1097,4320,1895,4105,,,,,,3802,3065,2681,2494,2145,,,,,,,,,
4883,1089,4260,2242,4050,,,,,,3740,3390,3025,2842,2492,,,,,,,,,
4770,1105,3884,1875,3671,,,,,,3370,3023,2649,2466,2129,,,,,,,,,
4501,1095,3878,1863,3663,,,,,,3360,3013,2645,2460,2113,,,,,,,,,
4494,1089,3872,1871,3659,,,,,,3352,3013,2641,2458,2121,,,,,,,,,
4532,1091,3908,1879,3699,,,,,,3392,3047,2663,2482,2125,,,,,,,,,
4970,1089,3865,1859,3650,,,,,,3345,3004,2626,2444,2108,,,,,,,,,
4785,1086,4147,2108,3932,,,,,,3627,3284,2906,2719,2360,,,,,,,,,
4657,1182,4040,1954,3823,,,,,,3518,3179,2775,2588,2204,,,,,,,,,
4517,1085,3894,1893,3681,,,,,,3374,3037,2665,2478,2147,,,,,,,,,
4497,1084,3867,1867,3652,,,,,,3353,3004,2634,2452,2118,,,,,,,,,
4501,1072,3875,1866,3660,,,,,,3357,3010,2640,2457,2114,,,,,,,,,
4498,1065,3878,1869,3663,,,,,,3358,3021,2643,2458,2123,,,,,,,,,
4501,1085,3875,1873,3660,,,,,,3355,3014,2649,2464,2125,,,,,,,,,
4538,1070,3912,1864,3672,,,,,,3368,3038,2653,2470,2114,,,,,,,,,
4762,1235,4134,2030,3921,,,,,,3608,3265,2887,2700,2281,,,,,,,,,
4473,1081,3857,1836,3640,,,,,,3335,2976,2612,2423,2088,,,,,,,,,
4485,1091,3856,1847,3642,,,,,,3336,2992,2623,2438,2099,,,,,,,,,
4932,1247,4308,2029,4093,,,,,,3792,3242,2864,2683,2279,,,,,,,,,
4530,1107,3906,1900,3693,,,,,,3390,3047,2680,2493,2151,,,,,,,,,
4498,1081,3872,1875,3661,,,,,,3356,3017,2655,2466,2121,,,,,,,,,
4812,1347,4176,2147,3961,,,,,,3660,3317,2935,2746,2405,,,,,,,,,
4523,1091,3894,1871,3678,,,,,,3378,3041,2657,2470,2126,,,,,,,,,
4985,1089,4359,1898,4144,,,,,,3841,3502,3133,2946,2154,,,,,,,,,
4544,1103,3918,1897,3703,,,,,,3398,3047,2679,2492,2145,,,,,,,,,
4510,1091,3890,1875,3677,,,,,,3370,3033,2667,2480,2123,,,,,,,,,
4501,1083,3872,1869,3660,,,,,,3356,3023,2641,2458,2123,,,,,,,,,
4749,1091,4119,2110,3908,,,,,,3605,3254,2890,2704,2364,,,,,,,,,
4469,1079,3854,1859,3638,,,,,,3334,2996,2627,2444,2111,,,,,,,,,
16449,1079,15814,1871,15604,,,,,,15298,3902,2645,2460,2123,,,,,,,,,
4670,1105,4045,1885,3835,,,,,,3529,3129,2671,2483,2137,,,,,,,,,
4722,1265,4111,2033,3896,,,,,,3591,3250,2858,2671,2285,,,,,,,,,
4546,1081,3911,1877,3685,,,,,,3380,3039,2680,2495,2135,,,,,,,,,
4511,1087,3888,1873,3675,,,,,,3368,3031,2661,2472,2121,,,,,,,,,
4920,1087,4296,2283,4081,,,,,,3770,3437,3067,2880,2535,,,,,,,,,
5109,1117,4483,1897,4270,,,,,,3967,3053,2665,2482,2145,,,,,,,,,
5200,1336,4564,2543,4350,,,,,,4042,3696,3327,3144,2795,,,,,,,,,
5334,1095,4180,1893,3965,,,,,,3656,3325,2677,2490,2145,,,,,,,,,
4501,1068,3861,1866,3644,,,,,,3343,3006,2646,2460,2114,,,,,,,,,
4983,1073,3859,1865,3646,,,,,,3339,3006,2643,2458,2117,,,,,,,,,
4517,1072,3900,1862,3687,,,,,,3341,3008,2638,2452,2112,,,,,,,,,
4481,1063,3858,1843,3649,,,,,,3342,3003,2635,2446,2095,,,,,,,,,
4795,1072,4166,1848,3954,,,,,,3646,3006,2628,2441,2104,,,,,,,,,
4483,1065,3849,1843,3636,,,,,,3332,2994,2625,2440,2090,,,,,,,,,
4479,1074,3861,1866,3646,,,,,,3341,3002,2632,2445,2112,,,,,,,,,
4737,1246,4112,2013,3896,,,,,,3592,3248,2865,2678,2271,,,,,,,,,
4552,1092,3922,1893,3707,,,,,,3402,3065,2685,2504,2147,,,,,,,,,
5328,1326,4672,2189,4456,,,,,,4101,3682,3150,2935,2500,,,,,,,,,
5651,1361,4977,2411,4713,,,,,,4392,3953,3445,3209,2756,,,,,,,,,
5879,1398,5156,2336,4888,,,,,,4520,3982,3429,3198,2688,,,,,,,,,
6313,1365,5196,2334,4901,,,,,,4566,4018,3459,3224,2708,,,,,,,,,
5883,1329,5135,2281,4857,,,,,,4485,3892,3392,3177,2686,,,,,,,,,
6244,1324,5484,2360,5208,,,,,,4617,4077,3500,3250,2740,,,,,,,,,
6220,1633,5474,2608,5188,,,,,,4784,4227,3652,3466,2982,,,,,,,,,
5770,1480,5070,2386,4801,,,,,,4452,3989,3489,3258,2730,,,,,,,,,
5907,1355,5192,2300,4936,,,,,,4556,3902,3496,3283,2826,,,,,,,,,
6343,1334,5344,2287,5078,,,,,,4704,3950,3432,3241,2742,,,,,,,,,
6504,1438,5744,2636,5466,,,,,,5106,4331,3752,3532,3031,,,,,,,,,
6837,1501,6066,2529,5783,,,,,,5399,4739,3963,3715,3114,,,,,,,,,
6695,1430,5917,2700,5635,,,,,,5239,4666,4059,3827,3301,,,,,,,,,
6435,1392,5702,2639,5403,,,,,,5001,4416,3829,3598,3037,,,,,,,,,
6480,1781,5738,2793,5452,,,,,,5058,4578,4083,3855,3376,,,,,,,,,
6364,1406,5600,2377,5340,,,,,,4987,4412,3435,3226,2708,,,,,,,,,
7573,1727,6848,3291,6582,,,,,,6206,5170,4626,4376,3661,,,,,,,,,
6244,1365,5472,2846,5186,,,,,,4814,4335,3886,3646,3165,,,,,,,,,
6400,1442,5616,2565,5299,,,,,,4893,4338,3723,3475,2943,,,,,,,,,
6098,1320,5356,2360,5111,,,,,,4725,4243,3796,3557,2700,,,,,,,,,
5005,1176,4330,2065,4107,,,,,,3784,3327,2937,2738,2330,,,,,,,,,
4784,1148,4117,1974,3890,,,,,,3565,3209,2813,2616,2241,,,,,,,,,
5018,1327,4364,2137,4134,,,,,,3815,3439,3035,2840,2403,,,,,,,,,
4729,1134,4069,1946,3837,,,,,,3521,3161,2763,2570,2216,,,,,,,,,
4741,1128,4077,1940,3853,,,,,,3533,3175,2775,2576,2204,,,,,,,,,
4798,1130,4116,1966,3888,,,,,,3567,3195,2793,2598,2231,,,,,,,,,
4749,1135,4077,1956,3849,,,,,,3530,3173,2772,2577,2222,,,,,,,,,
4765,1131,4101,1970,3873,,,,,,3552,3199,2795,2604,2234,,,,,,,,,
4723,1132,4063,1948,3835,,,,,,3512,3161,2771,2576,2216,,,,,,,,,
4754,1134,4083,1971,3858,,,,,,3539,3175,2789,2590,2237,,,,,,,,,
4863,1243,4188,2074,3965,,,,,,3642,3278,2888,2693,2336,,,,,,,,,
4769,1147,4101,1980,3873,,,,,,3552,3189,2797,2604,2242,,,,,,,,,
4762,1128,4095,1956,3870,,,,,,3545,3175,2789,2594,2221,,,,,,,,,
4719,1134,4073,1948,3845,,,,,,3520,3153,2761,2568,2214,,,,,,,,,
4713,1142,4075,1962,3851,,,,,,3526,3173,2787,2588,2231,,,,,,,,,
5050,1314,4402,2163,4174,,,,,,3849,3477,3087,2890,2431,,,,,,,,,
4818,1178,4152,1991,3924,,,,,,3601,3242,2842,2645,2261,,,,,,,,,
5862,1426,5149,2362,4865,,,,,,4464,3985,3491,3256,2756,,,,,,,,,
4962,1235,4259,2096,4032,,,,,,3711,3335,2945,2746,2360,,,,,,,,,
4831,1207,4169,2030,3941,,,,,,3620,3259,2869,2674,2294,,,,,,,,,
4778,1144,4103,1962,3880,,,,,,3553,3191,2811,2616,2226,,,,,,,,,
4772,1144,4095,1971,3872,,,,,,3547,3191,2789,2594,2231,,,,,,,,,
4785,1145,4109,1982,3885,,,,,,3560,3205,2813,2618,2238,,,,,,,,,
4745,1157,4095,1978,3865,,,,,,3542,3185,2795,2600,2238,,,,,,,,,
5578,1139,4913,1964,4688,,,,,,4367,3461,3057,2862,2224,,,,,,,,,
4783,1143,4105,1950,3877,,,,,,3554,3180,2766,2571,2210,,,,,,,,,
5163,1145,4184,2067,3956,,,,,,3627,3276,2888,2691,2327,,,,,,,,,
4995,1158,4353,1964,4129,,,,,,3808,3175,2773,2578,2224,,,,,,,,,
4739,1146,4100,1985,3872,,,,,,3553,3196,2800,2605,2247,,,,,,,,,
4755,1137,4105,1964,3873,,,,,,3557,3189,2787,2588,2222,,,,,,,,,
5546,1565,4561,2377,4333,,,,,,4012,3645,3244,3049,2641,,,,,,,,,
4940,1166,4268,2021,4044,,,,,,3728,3250,2836,2641,2283,,,,,,,,,
4729,1150,4069,1967,3843,,,,,,3518,3159,2771,2576,2218,,,,,,,,,
4991,1326,4341,2139,4113,,,,,,3794,3421,3025,2830,2403,,,,,,,,,
5030,1164,4367,1960,4144,,,,,,3819,3466,2779,2584,2216,,,,,,,,,
4718,1143,4054,1944,3829,,,,,,3508,3144,2754,2559,2204,,,,,,,,,
4731,1150,4062,1944,3835,,,,,,3514,3152,2771,2576,2204,,,,,,,,,
4723,1143,4052,1940,3825,,,,,,3506,3146,2758,2561,2200,,,,,,,,,
4751,1146,4089,1956,3861,,,,,,3540,3179,2793,2598,2218,,,,,,,,,
4733,1164,4058,1958,3831,,,,,,3510,3154,2768,2569,2220,,,,,,,,,
4749,1147,4078,1944,3851,,,,,,3528,3164,2778,2579,2204,,,,,,,,,
4740,1149,4074,1960,3847,,,,,,3516,3158,2778,2579,2218,,,,,,,,,
4766,1162,4101,1966,3874,,,,,,3553,3195,2789,2592,2231,,,,,,,,,
5167,1158,4479,2269,4251,,,,,,3932,3482,3087,2888,2525,,,,,,,,,
4737,1162,4089,1962,3862,,,,,,3543,3181,2783,2592,2220,,,,,,,,,
4763,1161,4101,1972,3877,,,,,,3554,3197,2807,2612,2232,,,,,,,,,
4745,1166,4095,1970,3869,,,,,,3548,3179,2785,2590,2232,,,,,,,,,
4794,1162,4128,2013,3900,,,,,,3579,3222,2832,2637,2269,,,,,,,,,
22735,1155,22067,1956,21716,,,,,,21338,20934,20225,20026,2216,,,,,,,,,
4816,1176,4151,2025,3924,,,,,,3599,3239,2845,2650,2285,,,,,,,,,
4761,1160,4091,1983,3863,,,,,,3543,3185,2795,2598,2243,,,,,,,,,
4745,1158,4077,1967,3850,,,,,,3527,3169,2789,2590,2231,,,,,,,,,
4755,1164,4099,1982,3873,,,,,,3548,3191,2793,2598,2242,,,,,,,,,
5275,1174,4600,1992,4373,,,,,,4054,3696,3296,3097,2254,,,,,,,,,
4755,1168,4078,1974,3851,,,,,,3528,3170,2784,2585,2236,,,,,,,,,
4755,1156,4099,1995,3872,,,,,,3549,3191,2799,2604,2255,,,,,,,,,
4751,1168,4087,1987,3862,,,,,,3541,3185,2793,2594,2247,,,,,,,,,
4989,1142,4327,1966,4097,,,,,,3772,3412,3027,2827,2464,,,,,,,,,
5005,1148,4339,2243,4111,,,,,,3784,3431,3045,2850,2494,,,,,,,,,
4763,1155,4095,1980,3867,,,,,,3546,3191,2786,2595,2242,,,,,,,,,
4979,1160,4308,2208,4081,,,,,,3762,3404,3018,2823,2468,,,,,,,,,
4756,1164,4089,1989,3864,,,,,,3543,3187,2797,2602,2249,,,,,,,,,
4972,1160,4312,2206,4085,,,,,,3766,3412,3010,2815,2464,,,,,,,,,
4749,1160,4089,1981,3862,,,,,,3543,3185,2789,2592,2241,,,,,,,,,
21351,17262,20668,18265,20404,,,,,,20085,19714,19163,18966,18546,,,,,,,,,
4798,1174,4154,2031,3926,,,,,,3599,3244,2850,2653,2291,,,,,,,,,
5032,1162,4126,1983,3898,,,,,,3573,3200,2795,2598,2247,,,,,,,,,
5025,1162,4379,2007,4152,,,,,,3829,3230,2827,2632,2263,,,,,,,,,
5192,1162,4538,1999,4314,,,,,,3993,3457,3071,2872,2259,,,,,,,,,
5064,1143,4080,1974,3853,,,,,,3532,3174,2784,2585,2234,,,,,,,,,
4733,1152,4075,1962,3847,,,,,,3524,3167,2777,2582,2224,,,,,,,,,
4821,1164,4160,2003,3935,,,,,,3610,3234,2832,2635,2259,,,,,,,,,
5038,1152,4114,1989,3886,,,,,,3563,3210,2799,2600,2249,,,,,,,,,
4762,1140,4106,1975,3868,,,,,,3543,3181,2789,2594,2239,,,,,,,,,
4769,1147,4111,1986,3885,,,,,,3564,3201,2805,2606,2246,,,,,,,,,
4728,1135,4062,1954,3835,,,,,,3516,3158,2762,2565,2214,,,,,,,,,
4719,1136,4057,1944,3829,,,,,,3508,3151,2755,2556,2208,,,,,,,,,
4729,1137,4062,1952,3837,,,,,,3512,3158,2762,2563,2210,,,,,,,,,
5027,1314,4357,2126,4129,,,,,,3808,3426,3036,2839,2395,,,,,,,,,
4839,1154,4160,1999,3933,,,,,,3608,3250,2844,2649,2265,,,,,,,,,
4972,1296,4318,2114,4091,,,,,,3766,3402,3004,2809,2380,,,,,,,,,
4799,1143,4123,1994,3900,,,,,,3575,3201,2807,2616,2260,,,,,,,,,
5634,1413,4978,2269,4751,,,,,,4426,3483,3097,2898,2535,,,,,,,,,
4792,1148,4132,1991,3905,,,,,,3584,3226,2822,2623,2257,,,,,,,,,
4777,1154,4117,1999,3890,,,,,,3571,3205,2817,2620,2265,,,,,,,,,
5101,1162,4406,2013,4181,,,,,,3860,3494,3104,2909,2281,,,,,,,,,
4522,1083,3890,1873,3673,,,,,,3370,3027,2655,2470,2129,,,,,,,,,
4780,1083,4160,1875,3943,,,,,,3368,3025,2649,2464,2127,,,,,,,,,
5442,1085,4365,1875,4150,,,,,,3843,3272,2665,2478,2123,,,,,,,,,
4502,1081,3874,1861,3659,,,,,,3354,3013,2641,2462,2113,,,,,,,,,
4525,1099,3900,1885,3690,,,,,,3380,3032,2659,2474,2136,,,,,,,,,
4491,1080,3865,1864,3648,,,,,,3345,3008,2638,2457,2116,,,,,,,,,
4938,1083,4317,2288,4105,,,,,,3801,3445,3068,2885,2543,,,,,,,,,
4505,1085,3888,1865,3676,,,,,,3374,2998,2632,2446,2112,,,,,,,,,
4739,1235,4130,2036,3914,,,,,,3610,3258,2881,2694,2291,,,,,,,,,
4526,1069,3894,1899,3683,,,,,,3374,3039,2679,2490,2153,,,,,,,,,
4735,1257,4119,2041,3910,,,,,,3607,3256,2870,2689,2291,,,,,,,,,
4531,1084,3891,1862,3676,,,,,,3374,3036,2665,2478,2118,,,,,,,,,
4650,1087,4024,1853,3811,,,,,,3508,3043,2659,2472,2107,,,,,,,,,
4510,1073,3884,1845,3669,,,,,,3364,3025,2639,2454,2092,,,,,,,,,
4516,1077,3882,1841,3667,,,,,,3366,3023,2637,2450,2093,,,,,,,,,
4464,1072,3851,1840,3636,,,,,,3331,2992,2622,2433,2088,,,,,,,,,
4548,1073,3918,1853,3709,,,,,,3343,3004,2633,2450,2098,,,,,,,,,
4479,1068,3855,1834,3640,,,,,,3331,2992,2614,2433,2084,,,,,,,,,
4749,1085,4134,1869,3919,,,,,,3614,3027,2643,2462,2117,,,,,,,,,
5078,1059,4469,1912,4252,,,,,,3949,3602,3009,2822,2162,,,,,,,,,
4485,1089,3874,1869,3657,,,,,,3354,3013,2639,2452,2121,,,,,,,,,
4526,1091,3906,1879,3693,,,,,,3388,3051,2659,2474,2129,,,,,,,,,
4579,1079,3965,1930,3750,,,,,,3443,3098,2728,2545,2184,,,,,,,,,
4763,1086,3912,1864,3676,,,,,,3370,3036,2646,2460,2118,,,,,,,,,
4485,1076,3877,1866,3662,,,,,,3357,3018,2634,2449,2116,,,,,,,,,
4505,1064,3889,1848,3660,,,,,,3361,3018,2634,2449,2100,,,,,,,,,
4461,1073,3853,1846,3636,,,,,,3333,2994,2618,2431,2098,,,,,,,,,
4714,1241,4097,2003,3886,,,,,,3583,3232,2848,2661,2257,,,,,,,,,
4798,1393,4174,2175,3965,,,,,,3662,3321,2957,2771,2423,,,,,,,,,
4468,1072,3863,1844,3648,,,,,,3341,3002,2634,2449,2092,,,,,,,,,
4495,1086,3887,1854,3674,,,,,,3370,3026,2642,2460,2106,,,,,,,,,
4477,1085,3868,1861,3658,,,,,,3348,3010,2641,2456,2111,,,,,,,,,
4816,1079,3951,1836,3735,,,,,,3431,3002,2630,2444,2086,,,,,,,,,
4467,1087,3853,1840,3640,,,,,,3337,2992,2620,2437,2094,,,,,,,,,
4466,1090,3849,1840,3637,,,,,,3333,2994,2624,2441,2092,,,,,,,,,
4696,1085,4085,2068,3868,,,,,,3563,3228,2864,2677,2324,,,,,,,,,
4814,1089,4196,2165,3981,,,,,,3672,3319,2947,2766,2415,,,,,,,,,
4723,1081,4109,2100,3894,,,,,,3593,3244,2876,2691,2348,,,,,,,,,
4491,1079,3874,1865,3659,,,,,,3356,3013,2643,2464,2113,,,,,,,,,
4749,1085,3874,1863,3658,,,,,,3351,3004,2639,2450,2110,,,,,,,,,
4526,1079,3896,1867,3681,,,,,,3374,3035,2653,2468,2125,,,,,,,,,
4737,1093,4119,2092,3904,,,,,,3599,3254,2878,2693,2348,,,,,,,,,
4530,1085,3904,1891,3691,,,,,,3384,3043,2673,2489,2149,,,,,,,,,
4505,1081,3873,1861,3660,,,,,,3356,3010,2641,2454,2112,,,,,,,,,
4721,1217,4109,2023,3894,,,,,,3589,3246,2866,2679,2277,,,,,,,,,
4544,1084,3900,1879,3688,,,,,,3382,3043,2671,2488,2133,,,,,,,,,
4477,1061,3870,1855,3654,,,,,,3354,3017,2651,2468,2107,,,,,,,,,
4465,1069,3856,1853,3642,,,,,,3336,2998,2633,2446,2101,,,,,,,,,
4502,1075,3896,1857,3681,,,,,,3376,3021,2653,2474,2111,,,,,,,,,
4509,1081,3892,1865,3675,,,,,,3374,3031,2653,2470,2119,,,,,,,,,
4497,1073,3886,1855,3669,,,,,,3368,3017,2645,2462,2105,,,,,,,,,
4784,1073,4152,1871,3935,,,,,,3634,3295,2907,2722,2125,,,,,,,,,
4548,1085,3919,1873,3709,,,,,,3399,3045,2663,2478,2123,,,,,,,,,
4489,1091,3880,1873,3666,,,,,,3362,3027,2651,2468,2121,,,,,,,,,
4485,1078,3879,1864,3664,,,,,,3361,3022,2648,2461,2120,,,,,,,,,
4497,1081,3876,1846,3666,,,,,,3360,3016,2638,2452,2100,,,,,,,,,
4700,1194,4076,1972,3867,,,,,,3562,3221,2831,2648,2224,,,,,,,,,
4493,1081,3870,1875,3652,,,,,,3350,3016,2647,2460,2123,,,,,,,,,
4499,1078,3871,1858,3656,,,,,,3355,3016,2640,2453,2114,,,,,,,,,
4798,1147,4131,1974,3906,,,,,,3585,3215,2805,2606,2236,,,,,,,,,
5013,1149,4121,1978,3894,,,,,,3571,3197,2797,2602,2242,,,,,,,,,
4972,1300,4322,2110,4099,,,,,,3772,3406,2998,2801,2372,,,,,,,,,
4758,1142,4091,1955,3864,,,,,,3543,3181,2791,2596,2215,,,,,,,,,
4765,1148,4113,1950,3886,,,,,,3567,3203,2799,2600,2210,,,,,,,,,
4786,1146,4109,1964,3882,,,,,,3563,3199,2809,2614,2230,,,,,,,,,
5003,1143,4345,1960,4121,,,,,,3796,3191,2797,2606,2224,,,,,,,,,
4773,1146,4109,1946,3880,,,,,,3561,3205,2803,2604,2212,,,,,,,,,
4993,1146,4329,1950,4104,,,,,,3783,3171,2777,2580,2214,,,,,,,,,
5046,1156,4123,1980,3896,,,,,,3573,3218,2817,2618,2247,,,,,,,,,
4804,1148,4124,1958,3900,,,,,,3545,3191,2806,2608,2221,,,,,,,,,
4893,1164,4227,2088,4000,,,,,,3681,3321,2931,2732,2350,,,,,,,,,
5371,1146,4337,2219,4112,,,,,,3793,3433,3045,2850,2485,,,,,,,,,
4740,1143,4095,1960,3867,,,,,,3548,3185,2784,2589,2222,,,,,,,,,
4777,1148,4115,1970,3886,,,,,,3569,3203,2803,2604,2232,,,,,,,,,
5005,1282,4353,2106,4125,,,,,,3796,3437,3016,2821,2379,,,,,,,,,
4806,1184,4127,2011,3902,,,,,,3577,3222,2832,2637,2273,,,,,,,,,
5023,1229,4363,2074,4136,,,,,,3815,3382,2966,2767,2340,,,,,,,,,
4855,1146,4178,2003,3930,,,,,,3605,3250,2852,2653,2269,,,,,,,,,
4788,1138,4120,1981,3892,,,,,,3573,3206,2816,2619,2247,,,,,,,,,
5038,1142,4367,1956,4140,,,,,,3815,3455,3053,2856,2222,,,,,,,,,
4734,1131,4068,1944,3841,,,,,,3522,3162,2778,2579,2214,,,,,,,,,
4739,1135,4066,1948,3839,,,,,,3516,3156,2766,2567,2214,,,,,,,,,
4769,1129,4095,1944,3870,,,,,,3545,3161,2765,2570,2212,,,,,,,,,
4760,1134,4095,1952,3868,,,,,,3543,3187,2773,2578,2221,,,,,,,,,
4790,1150,4118,1977,3894,,,,,,3569,3212,2803,2604,2245,,,,,,,,,
4825,1150,4154,1969,3927,,,,,,3602,3206,2793,2594,2235,,,,,,,,,
4787,1153,4123,1986,3895,,,,,,3572,3215,2811,2612,2252,,,,,,,,,
5037,1154,4357,2236,4129,,,,,,3804,3451,3057,2862,2504,,,,,,,,,
5200,1148,4511,2259,4284,,,,,,3965,3486,3081,2886,2529,,,,,,,,,
5090,1155,4123,1978,3896,,,,,,3575,3211,2797,2606,2248,,,,,,,,,
5115,1152,4453,2050,4225,,,,,,3900,3267,2877,2682,2316,,,,,,,,,
4891,1161,4220,2075,3993,,,,,,3670,3310,2908,2709,2340,,,,,,,,,
5359,1329,4357,2163,4130,,,,,,3809,3451,3051,2856,2425,,,,,,,,,
4773,1166,4097,1966,3873,,,,,,3550,3193,2803,2608,2232,,,,,,,,,
5007,1149,4351,2201,4121,,,,,,3798,3441,3036,2839,2470,,,,,,,,,
4480,1084,3849,1832,3640,,,,,,3335,2990,2620,2435,2086,,,,,,,,,
4495,1085,3864,1847,3648,,,,,,3348,3005,2639,2456,2099,,,,,,,,,
4509,1089,3878,1849,3664,,,,,,3358,3019,2637,2454,2100,,,,,,,,,
4621,1081,4000,1834,3636,,,,,,3329,2980,2608,2425,2080,,,,,,,,,
4761,1085,4134,2107,3921,,,,,,3616,3275,2893,2712,2358,,,,,,,,,
4487,1096,3853,1844,3640,,,,,,3333,3002,2632,2449,2100,,,,,,,,,
4471,1087,3854,1843,3640,,,,,,3334,2999,2633,2446,2095,,,,,,,,,
4491,1090,3863,1848,3650,,,,,,3345,3002,2638,2451,2104,,,,,,,,,
4499,1093,3868,1847,3658,,,,,,3346,3008,2627,2444,2098,,,,,,,,,
4487,1087,3855,1846,3640,,,,,,3337,2996,2632,2446,2100,,,,,,,,,
4499,1084,3881,1858,3666,,,,,,3361,3020,2650,2461,2110,,,,,,,,,
4534,1097,3886,1845,3671,,,,,,3366,3033,2645,2462,2100,,,,,,,,,
4465,1087,3839,1840,3624,,,,,,3317,2982,2618,2433,2088,,,,,,,,,
4464,1082,3847,1850,3631,,,,,,3329,2990,2630,2441,2098,,,,,,,,,
4792,1243,4162,2043,3947,,,,,,3636,3282,2894,2712,2297,,,,,,,,,
4511,1081,3882,1875,3672,,,,,,3364,3026,2649,2464,2125,,,,,,,,,
4493,1093,3876,1873,3666,,,,,,3358,3025,2653,2466,2121,,,,,,,,,
4498,1087,3878,1865,3661,,,,,,3358,3015,2643,2454,2111,,,,,,,,,
4495,1085,3865,1844,3650,,,,,,3345,2994,2624,2437,2092,,,,,,,,,
4487,1067,3856,1833,3644,,,,,,3336,3001,2619,2432,2087,,,,,,,,,
4501,1066,3870,1846,3656,,,,,,3350,3006,2628,2444,2102,,,,,,,,,
4503,1082,3877,1850,3664,,,,,,3361,3000,2636,2451,2104,,,,,,,,,
4487,1072,3855,1852,3642,,,,,,3335,2992,2626,2437,2100,,,,,,,,,
4458,1068,3833,1828,3619,,,,,,3315,2975,2598,2413,2080,,,,,,,,,
4479,1066,3853,1834,3640,,,,,,3339,2998,2614,2435,2086,,,,,,,,,
4718,1235,4107,2027,3894,,,,,,3589,3241,2862,2677,2275,,,,,,,,,
4505,1075,3874,1865,3662,,,,,,3356,3018,2653,2464,2119,,,,,,,,,
4493,1080,3875,1876,3660,,,,,,3361,3018,2652,2466,2124,,,,,,,,,
4530,1081,3904,1885,3679,,,,,,3372,3033,2657,2474,2137,,,,,,,,,
4808,1097,4185,2192,3973,,,,,,3667,3333,2960,2781,2444,,,,,,,,,
4747,1247,4136,2043,3922,,,,,,3616,3264,2892,2706,2295,,,,,,,,,
4548,1085,3910,1885,3699,,,,,,3394,3041,2673,2488,2135,,,,,,,,,
4508,1073,3880,1857,3665,,,,,,3360,3003,2633,2450,2099,,,,,,,,,
4487,1078,3859,1844,3646,,,,,,3345,2998,2626,2439,2088,,,,,,,,,
4481,1069,3858,1837,3644,,,,,,3336,2984,2623,2436,2088,,,,,,,,,
4532,1075,3890,1855,3681,,,,,,3378,3008,2637,2452,2107,,,,,,,,,
4465,1065,3839,1832,3628,,,,,,3321,2990,2614,2432,2080,,,,,,,,,
4483,1081,3853,1851,3638,,,,,,3335,3000,2627,2440,2100,,,,,,,,,
4475,1067,3837,1839,3622,,,,,,3325,2988,2623,2438,2094,,,,,,,,,
4465,1069,3844,1839,3626,,,,,,3324,2990,2617,2434,2089,,,,,,,,,
4487,1072,3877,1838,3662,,,,,,3359,3024,2642,2455,2092,,,,,,,,,
4489,1073,3864,1849,3649,,,,,,3348,3011,2635,2452,2101,,,,,,,,,
4515,1086,3871,1858,3650,,,,,,3351,3014,2646,2460,2104,,,,,,,,,
4751,1073,3874,1838,3658,,,,,,3356,3014,2633,2448,2086,,,,,,,,,
4950,1237,4337,2003,4103,,,,,,3796,3217,2838,2655,2249,,,,,,,,,
4638,1093,3998,1894,3774,,,,,,3468,3055,2688,2503,2141,,,,,,,,,
4532,1101,3922,1909,3707,,,,,,3406,3061,2703,2517,2161,,,,,,,,,
4780,1250,4154,2060,3945,,,,,,3640,3295,2911,2724,2308,,,,,,,,,
4552,1070,3912,1893,3697,,,,,,3398,3043,2665,2482,2145,,,,,,,,,
4518,1075,3886,1871,3675,,,,,,3366,3025,2657,2470,2125,,,,,,,,,
4518,1075,3888,1859,3673,,,,,,3366,3015,2651,2468,2113,,,,,,,,,
4526,1067,3896,1877,3681,,,,,,3378,3029,2663,2474,2129,,,,,,,,,
4519,1080,3891,1885,3676,,,,,,3373,3028,2661,2474,2132,,,,,,,,,
4538,1087,3914,1897,3701,,,,,,3398,3061,2685,2496,2145,,,,,,,,,
4525,1084,3896,1889,3680,,,,,,3380,3042,2673,2486,2141,,,,,,,,,
4515,1078,3888,1862,3650,,,,,,3345,3004,2640,2456,2114,,,,,,,,,
4501,1065,3878,1853,3665,,,,,,3358,3019,2639,2456,2105,,,,,,,,,
4521,1095,3890,1889,3676,,,,,,3374,3039,2657,2470,2139,,,,,,,,,
4525,1072,3904,1887,3692,,,,,,3384,3042,2673,2486,2141,,,,,,,,,
4759,1082,3881,1875,3670,,,,,,3361,3026,2659,2474,2126,,,,,,,,,
4509,1088,3879,1881,3666,,,,,,3359,3022,2653,2466,2133,,,,,,,,,
4839,1087,4201,2206,3987,,,,,,3687,3344,2978,2787,2458,,,,,,,,,
4517,1084,3890,1885,3674,,,,,,3370,3037,2655,2472,2139,,,,,,,,,
26364,1065,25649,1857,25265,,,,,,24802,24002,2637,2448,2111,,,,,,,,,
4627,1117,3985,1909,3770,,,,,,3465,3104,2734,2551,2161,,,,,,,,,
4753,1081,4123,1869,3914,,,,,,3607,3037,2671,2482,2121,,,,,,,,,
4510,1073,3888,1855,3679,,,,,,3374,3029,2653,2468,2105,,,,,,,,,
4534,1081,3906,1873,3695,,,,,,3394,3051,2673,2486,2127,,,,,,,,,
4620,1089,3976,1849,3760,,,,,,3389,3051,2661,2475,2105,,,,,,,,,
5001,1099,4345,2332,4133,,,,,,3823,3483,3114,2927,2582,,,,,,,,,
4517,1093,3892,1877,3678,,,,,,3368,3030,2657,2472,2128,,,,,,,,,
4672,1083,4040,1879,3823,,,,,,3390,3037,2665,2482,2131,,,,,,,,,
5076,1097,3904,1889,3689,,,,,,3388,3049,2681,2494,2141,,,,,,,,,
5090,1101,4458,2421,4243,,,,,,3938,3597,3215,3032,2671,,,,,,,,,
4495,1073,3862,1847,3644,,,,,,3342,3008,2627,2440,2092,,,,,,,,,
4513,1080,3877,1868,3662,,,,,,3355,3016,2648,2466,2118,,,,,,,,,
4516,1091,3874,1859,3661,,,,,,3356,3021,2651,2464,2113,,,,,,,,,
4814,1103,4158,1883,3947,,,,,,3642,3041,2657,2477,2133,,,,,,,,,
4751,1092,4107,2092,3891,,,,,,3589,3254,2878,2695,2344,,,,,,,,,
4521,1091,3876,1865,3660,,,,,,3356,3014,2645,2460,2116,,,,,,,,,
4783,1247,4162,2041,3947,,,,,,3642,3280,2898,2712,2289,,,,,,,,,
4507,1066,3900,1866,3688,,,,,,3380,3041,2655,2470,2114,,,,,,,,,
4508,1059,3896,1845,3681,,,,,,3372,3027,2645,2460,2097,,,,,,,,,
4487,1072,3847,1836,3636,,,,,,3329,2994,2612,2429,2086,,,,,,,,,
4467,1069,3856,1839,3644,,,,,,3336,2999,2617,2434,2089,,,,,,,,,
4497,1078,3888,1852,3676,,,,,,3370,3018,2641,2454,2100,,,,,,,,,
4459,1067,3848,1835,3634,,,,,,3332,2996,2627,2440,2089,,,,,,,,,
4463,1069,3847,1834,3636,,,,,,3331,2990,2622,2438,2088,,,,,,,,,
4475,1066,3864,1828,3650,,,,,,3344,2992,2622,2438,2084,,,,,,,,,
4781,1249,4162,2041,3946,,,,,,3642,3284,2915,2724,2295,,,,,,,,,
4503,1078,3891,1858,3676,,,,,,3371,3020,2648,2461,2110,,,,,,,,,
4536,1085,3924,1877,3707,,,,,,3402,3043,2669,2482,2131,,,,,,,,,
4503,1103,3898,1883,3681,,,,,,3374,3037,2663,2480,2137,,,,,,,,,
4491,1099,3884,1877,3667,,,,,,3358,3021,2659,2474,2123,,,,,,,,,
4489,1095,3870,1859,3655,,,,,,3354,3003,2639,2452,2107,,,,,,,,,
4505,1092,3895,1864,3678,,,,,,3380,3020,2640,2455,2110,,,,,,,,,
4483,1103,3874,1871,3661,,,,,,3354,3023,2655,2468,2125,,,,,,,,,
4701,1241,4093,2009,3882,,,,,,3581,3224,2836,2657,2255,,,,,,,,,
4489,1095,3869,1871,3658,,,,,,3353,3008,2642,2456,2118,,,,,,,,,
4497,1084,3883,1854,3666,,,,,,3361,3016,2640,2458,2100,,,,,,,,,
4473,1079,3868,1855,3653,,,,,,3348,2999,2633,2444,2107,,,,,,,,,
4493,1083,3878,1859,3665,,,,,,3360,3019,2653,2466,2113,,,,,,,,,
4500,1093,3890,1885,3675,,,,,,3374,3029,2661,2476,2131,,,,,,,,,
4477,1085,3867,1862,3652,,,,,,3351,3006,2636,2450,2110,,,,,,,,,
4448,1064,3839,1844,3628,,,,,,3327,2980,2612,2425,2094,,,,,,,,,
4715,1081,4104,1853,3886,,,,,,3584,3017,2639,2454,2103,,,,,,,,,
4723,1067,3874,1847,3657,,,,,,3354,3017,2643,2458,2103,,,,,,,,,
4743,1091,4128,2104,3914,,,,,,3608,3262,2893,2710,2360,,,,,,,,,
4489,1105,3881,1872,3666,,,,,,3365,3022,2652,2465,2126,,,,,,,,,
4495,1091,3873,1862,3658,,,,,,3349,3006,2642,2456,2110,,,,,,,,,
4453,1073,3841,1838,3628,,,,,,3325,2982,2612,2425,2092,,,,,,,,,
4995,1241,4105,2013,3892,,,,,,3585,3231,2854,2671,2261,,,,,,,,,
4550,1105,3900,1883,3685,,,,,,3384,3035,2663,2483,2131,,,,,,,,,
4739,1105,4111,1879,3898,,,,,,3591,3020,2647,2464,2127,,,,,,,,,
4737,1244,4112,2036,3900,,,,,,3596,3250,2877,2694,2288,,,,,,,,,
4455,1081,3833,1832,3620,,,,,,3317,2982,2612,2426,2082,,,,,,,,,
4485,1078,3849,1850,3634,,,,,,3333,2990,2622,2439,2104,,,,,,,,,
4463,1081,3837,1834,3622,,,,,,3319,2974,2612,2427,2090,,,,,,,,,
4479,1074,3853,1844,3638,,,,,,3333,2988,2618,2437,2094,,,,,,,,,
4477,1072,3851,1830,3638,,,,,,3331,2988,2620,2435,2084,,,,,,,,,
4476,1072,3849,1826,3637,,,,,,3333,2981,2614,2429,2080,,,,,,,,,
4450,1066,3808,1816,3599,,,,,,3294,2957,2588,2403,2068,,,,,,,,,
4461,1081,3839,1836,3624,,,,,,3323,2978,2610,2421,2086,,,,,,,,,
4456,1072,3825,1828,3609,,,,,,3309,2966,2600,2417,2082,,,,,,,,,
4481,1089,3847,1846,3630,,,,,,3329,2986,2616,2431,2100,,,,,,,,,
4530,1093,3907,1883,3691,,,,,,3391,3043,2663,2477,2139,,,,,,,,,
4450,1064,3835,1817,3619,,,,,,3315,2977,2595,2405,2067,,,,,,,,,
4464,1072,3835,1824,3617,,,,,,3315,2969,2606,2419,2073,,,,,,,,,
4438,1070,3808,1820,3593,,,,,,3295,2953,2586,2403,2072,,,,,,,,,
4440,1072,3823,1822,3607,,,,,,3307,2969,2590,2405,2074,,,,,,,,,
4449,1075,3823,1823,3608,,,,,,3305,2960,2590,2408,2074,,,,,,,,,
4700,1231,4097,2013,3873,,,,,,3567,3215,2843,2659,2263,,,,,,,,,
4493,1065,3872,1865,3659,,,,,,3358,3009,2645,2460,2113,,,,,,,,,
4481,1085,3853,1867,3640,,,,,,3335,2996,2632,2446,2121,,,,,,,,,
4466,1066,3847,1852,3632,,,,,,3327,2990,2624,2439,2100,,,,,,,,,
4512,1073,3888,1861,3658,,,,,,3354,3017,2647,2464,2113,,,,,,,,,
4473,1067,3852,1849,3640,,,,,,3334,2999,2621,2438,2101,,,,,,,,,
4468,1064,3829,1842,3617,,,,,,3313,2973,2606,2421,2092,,,,,,,,,
4735,1063,4112,2115,3898,,,,,,3594,3259,2885,2702,2365,,,,,,,,,
4489,1072,3867,1864,3658,,,,,,3347,3012,2634,2449,2112,,,,,,,,,
4475,1068,3851,1856,3634,,,,,,3331,2988,2622,2437,2102,,,,,,,,,
4759,1336,4133,2133,3918,,,,,,3607,3268,2900,2718,2384,,,,,,,,,
4789,1087,3894,1887,3678,,,,,,3372,3028,2661,2476,2141,,,,,,,,,
4613,1071,3990,1975,3772,,,,,,3470,3116,2755,2566,2230,,,,,,,,,
4689,1061,3817,1829,3608,,,,,,3305,2966,2596,2414,2076,,,,,,,,,
4459,1069,3841,1849,3622,,,,,,3321,2982,2623,2440,2101,,,,,,,,,
4487,1072,3873,1852,3658,,,,,,3353,3016,2644,2461,2110,,,,,,,,,
4495,1075,3866,1871,3650,,,,,,3350,3013,2643,2460,2123,,,,,,,,,
4987,1261,4359,2263,4148,,,,,,3843,3492,3102,2919,2511,,,,,,,,,
4709,1095,4083,1914,3872,,,,,,3563,3075,2694,2507,2159,,,,,,,,,
4500,1073,3882,1873,3667,,,,,,3360,3023,2647,2466,2121,,,,,,,,,
4584,1078,3954,1870,3737,,,,,,3439,3010,2638,2451,2116,,,,,,,,,
4508,1067,3888,1855,3673,,,,,,3368,3031,2647,2460,2107,,,,,,,,,
4932,1248,4122,2032,3909,,,,,,3602,3252,2873,2688,2284,,,,,,,,,
4564,1091,3938,1909,3725,,,,,,3422,3073,2703,2517,2165,,,,,,,,,
4552,1087,3906,1897,3693,,,,,,3388,3045,2675,2490,2149,,,,,,,,,
4524,1089,3898,1887,3683,,,,,,3380,3041,2669,2480,2143,,,,,,,,,
4570,1095,3902,1881,3693,,,,,,3388,3057,2673,2490,2133,,,,,,,,,
4494,1087,3862,1849,3649,,,,,,3344,3005,2633,2444,2101,,,,,,,,,
4473,1081,3851,1852,3636,,,,,,3331,2996,2632,2443,2106,,,,,,,,,
4497,1079,3868,1859,3654,,,,,,3348,3010,2637,2452,2110,,,,,,,,,
4504,1093,3880,1855,3667,,,,,,3362,3023,2639,2456,2109,,,,,,,,,
4548,1077,3892,1857,3679,,,,,,3378,3015,2631,2444,2107,,,,,,,,,
4535,1090,3900,1889,3690,,,,,,3384,3046,2665,2482,2145,,,,,,,,,
4765,1235,4156,2017,3926,,,,,,3623,3252,2876,2693,2271,,,,,,,,,
4648,1113,4010,1962,3795,,,,,,3490,3147,2765,2580,2214,,,,,,,,,
4834,1089,3932,1899,3713,,,,,,3408,3073,2697,2511,2153,,,,,,,,,
4530,1093,3888,1857,3673,,,,,,3368,3017,2647,2462,2109,,,,,,,,,
4530,1087,3900,1879,3687,,,,,,3380,3033,2663,2484,2129,,,,,,,,,
4786,1087,3888,1867,3672,,,,,,3370,3026,2655,2470,2121,,,,,,,,,
4526,1081,3888,1861,3672,,,,,,3370,3028,2653,2466,2112,,,,,,,,,
4530,1085,3900,1883,3685,,,,,,3386,3035,2669,2480,2131,,,,,,,,,
4493,1083,3870,1849,3654,,,,,,3350,3000,2629,2448,2103,,,,,,,,,
4835,1343,4209,2117,3923,,,,,,3618,3269,2903,2716,2371,,,,,,,,,
4497,1072,3872,1848,3656,,,,,,3349,3000,2632,2442,2096,,,,,,,,,
4503,1070,3871,1838,3656,,,,,,3351,3006,2628,2447,2088,,,,,,,,,
4578,1086,3944,1858,3735,,,,,,3424,3010,2638,2461,2112,,,,,,,,,
4483,1068,3855,1848,3646,,,,,,3341,2996,2626,2444,2102,,,,,,,,,
5050,1243,4420,2078,4205,,,,,,3900,3309,2919,2736,2328,,,,,,,,,
4574,1129,3928,1901,3713,,,,,,3410,3061,2685,2503,2149,,,,,,,,,
4518,1091,3900,1857,3671,,,,,,3366,3033,2645,2464,2111,,,,,,,,,
4859,1254,4235,2078,4020,,,,,,3719,3338,2937,2755,2330,,,,,,,,,
4485,1091,3865,1848,3650,,,,,,3347,2994,2632,2447,2098,,,,,,,,,
4483,1081,3853,1847,3638,,,,,,3333,2982,2614,2432,2094,,,,,,,,,
4485,1086,3863,1876,3648,,,,,,3343,3006,2640,2453,2122,,,,,,,,,
4507,1113,3882,1885,3672,,,,,,3366,3024,2647,2462,2127,,,,,,,,,
4476,1082,3847,1844,3635,,,,,,3329,2981,2608,2425,2086,,,,,,,,,
4542,1093,3918,1853,3703,,,,,,3400,3020,2637,2450,2096,,,,,,,,,
4761,1089,4127,1844,3914,,,,,,3611,2992,2622,2437,2094,,,,,,,,,
4487,1087,3859,1849,3644,,,,,,3335,2998,2616,2434,2096,,,,,,,,,
4470,1068,3847,1826,3635,,,,,,3327,2975,2600,2413,2067,,,,,,,,,
4461,1063,3839,1824,3622,,,,,,3319,2962,2584,2401,2068,,,,,,,,,
4502,1073,3868,1835,3653,,,,,,3348,2976,2609,2426,2080,,,,,,,,,
4479,1071,3852,1833,3638,,,,,,3322,2988,2619,2436,2078,,,,,,,,,
4467,1076,3839,1844,3624,,,,,,3317,2978,2610,2427,2092,,,,,,,,,
4607,1073,3978,1841,3766,,,,,,3460,2980,2609,2424,2089,,,,,,,,,
4932,1063,4043,1818,3829,,,,,,3523,2948,2576,2391,2058,,,,,,,,,
5161,1745,4519,2510,4304,,,,,,4003,3654,3270,3089,2758,,,,,,,,,
4698,1225,4095,1995,3880,,,,,,3575,3230,2840,2649,2242,,,,,,,,,
4529,1076,3881,1860,3672,,,,,,3365,3026,2659,2472,2106,,,,,,,,,
4546,1076,3922,1868,3682,,,,,,3378,3028,2657,2474,2112,,,,,,,,,
5044,1064,4418,2119,4205,,,,,,3900,3546,3177,2992,2651,,,,,,,,,
4751,1071,3866,1843,3653,,,,,,3352,2990,2617,2436,2093,,,,,,,,,
4700,1069,3859,1836,3644,,,,,,3341,2986,2612,2425,2084,,,,,,,,,
4548,1067,3914,1895,3699,,,,,,3392,3043,2683,2497,2145,,,,,,,,,
4706,1088,4083,2086,3873,,,,,,3567,3219,2852,2665,2334,,,,,,,,,
4790,1070,4164,2123,3951,,,,,,3648,3260,2888,2702,2368,,,,,,,,,
4487,1067,3868,1838,3652,,,,,,3350,2998,2608,2423,2080,,,,,,,,,
4639,1072,4016,2001,3802,,,,,,3498,3158,2789,2606,2248,,,,,,,,,
4494,1073,3862,1853,3649,,,,,,3342,3011,2627,2438,2099,,,,,,,,,
4546,1087,3918,1873,3705,,,,,,3401,3017,2651,2464,2125,,,,,,,,,
4470,1076,3847,1860,3635,,,,,,3329,2990,2628,2443,2104,,,,,,,,,
4507,1075,3870,1867,3660,,,,,,3354,3016,2639,2454,2115,,,,,,,,,
4538,1085,3916,1875,3699,,,,,,3398,3020,2645,2460,2118,,,,,,,,,
4494,1075,3866,1849,3651,,,,,,3348,2992,2623,2440,2099,,,,,,,,,
4814,1259,4166,2071,3952,,,,,,3646,3306,2925,2736,2327,,,,,,,,,
4509,1078,3883,1828,3668,,,,,,3359,3008,2616,2433,2080,,,,,,,,,
4754,1250,4150,2042,3935,,,,,,3634,3279,2901,2714,2292,,,,,,,,,
4505,1086,3873,1860,3658,,,,,,3359,3020,2650,2464,2106,,,,,,,,,
4515,1079,3882,1865,3666,,,,,,3362,3020,2659,2474,2119,,,,,,,,,
4516,1083,3886,1863,3671,,,,,,3368,3027,2635,2448,2111,,,,,,,,,
4491,1082,3873,1877,3660,,,,,,3353,3020,2651,2466,2127,,,,,,,,,
4455,1062,3829,1842,3616,,,,,,3313,2982,2610,2427,2088,,,,,,,,,
4459,1071,3845,1847,3634,,,,,,3325,2988,2627,2444,2100,,,,,,,,,
4475,1068,3855,1858,3640,,,,,,3335,3002,2632,2446,2104,,,,,,,,,
4485,1073,3858,1855,3642,,,,,,3338,3003,2627,2440,2099,,,,,,,,,
4483,1071,3866,1851,3653,,,,,,3346,3009,2625,2444,2101,,,,,,,,,
4495,1069,3864,1859,3650,,,,,,3346,3009,2633,2448,2111,,,,,,,,,
4475,1062,3841,1842,3626,,,,,,3321,2986,2608,2423,2086,,,,,,,,,
4779,1373,4174,2159,3961,,,,,,3656,3319,2945,2758,2409,,,,,,,,,
4471,1077,3856,1863,3640,,,,,,3336,3003,2633,2448,2113,,,,,,,,,
4778,1073,4173,2149,3959,,,,,,3653,3319,2938,2749,2397,,,,,,,,,
5062,1249,4462,2070,4223,,,,,,3918,3305,2911,2728,2319,,,,,,,,,
4522,1113,3898,1889,3683,,,,,,3378,3029,2665,2483,2137,,,,,,,,,
4810,1107,3881,1875,3666,,,,,,3361,3018,2655,2466,2122,,,,,,,,,
4523,1105,3900,1882,3682,,,,,,3380,3030,2660,2470,2124,,,,,,,,,
4553,1105,3921,1894,3708,,,,,,3397,3058,2674,2487,2143,,,,,,,,,
4536,1099,3898,1891,3685,,,,,,3380,3035,2665,2482,2133,,,,,,,,,
4833,1099,3902,1899,3693,,,,,,3390,3039,2663,2480,2139,,,,,,,,,
4899,1099,4278,1877,4063,,,,,,3581,3010,2643,2456,2127,,,,,,,,,
4753,1101,4130,1867,3654,,,,,,3350,3010,2641,2460,2115,,,,,,,,,
4521,1094,3894,1876,3658,,,,,,3353,3014,2638,2451,2124,,,,,,,,,
4837,1101,4215,1875,3998,,,,,,3693,3259,2889,2704,2375,,,,,,,,,
4503,1103,3879,1879,3664,,,,,,3359,3020,2650,2464,2130,,,,,,,,,
4495,1105,3874,1871,3664,,,,,,3354,3020,2639,2450,2119,,,,,,,,,
4501,1091,3880,1875,3665,,,,,,3364,3021,2655,2468,2117,,,,,,,,,
4763,1251,4142,2052,3927,,,,,,3622,3260,2893,2708,2298,,,,,,,,,
4494,1069,3852,1849,3636,,,,,,3334,2995,2617,2434,2097,,,,,,,,,
4749,1245,4140,2021,3925,,,,,,3618,3273,2891,2708,2273,,,,,,,,,
4542,1087,3894,1877,3679,,,,,,3378,3020,2653,2468,2125,,,,,,,,,
4538,1087,3902,1873,3687,,,,,,3382,3037,2661,2476,2127,,,,,,,,,
4530,1081,3894,1871,3679,,,,,,3374,3023,2655,2470,2125,,,,,,,,,
4774,1083,4132,1869,3920,,,,,,3614,3270,2643,2458,2121,,,,,,,,,
4538,1099,3896,1895,3681,,,,,,3376,3031,2661,2484,2145,,,,,,,,,
4512,1083,3868,1871,3653,,,,,,3354,3003,2641,2462,2119,,,,,,,,,
4554,1085,3908,1877,3691,,,,,,3392,3023,2659,2478,2131,,,,,,,,,
4528,1075,3894,1867,3681,,,,,,3380,3031,2653,2466,2115,,,,,,,,,
4544,1091,3900,1877,3685,,,,,,3380,3029,2665,2482,2131,,,,,,,,,
4534,1085,3886,1885,3673,,,,,,3370,3023,2655,2472,2139,,,,,,,,,
4505,1082,3865,1867,3650,,,,,,3345,3010,2638,2452,2114,,,,,,,,,
4534,1089,3894,1879,3675,,,,,,3374,3029,2653,2466,2127,,,,,,,,,
4774,1101,3878,1891,3667,,,,,,3360,3025,2659,2472,2139,,,,,,,,,
4528,1083,3882,1879,3667,,,,,,3362,3025,2653,2466,2127,,,,,,,,,
4512,1081,3876,1873,3663,,,,,,3356,3019,2661,2474,2127,,,,,,,,,
4505,1080,3871,1866,3656,,,,,,3355,3018,2640,2453,2120,,,,,,,,,
4733,1239,4118,2013,3884,,,,,,3579,3234,2852,2665,2267,,,,,,,,,
4536,1101,3906,1885,3691,,,,,,3386,3049,2677,2492,2135,,,,,,,,,
4501,1076,3873,1856,3664,,,,,,3355,3016,2640,2450,2102,,,,,,,,,
4489,1073,3855,1840,3640,,,,,,3333,2996,2618,2433,2090,,,,,,,,,
5179,1328,4543,2120,4334,,,,,,4027,3274,2902,2717,2370,,,,,,,,,
4444,1072,3837,1840,3622,,,,,,3319,2980,2616,2431,2094,,,,,,,,,
4459,1070,3845,1834,3630,,,,,,3315,2978,2606,2417,2086,,,,,,,,,
4461,1069,3847,1855,3632,,,,,,3329,2990,2625,2440,2105,,,,,,,,,
4466,1074,3855,1858,3640,,,,,,3339,2996,2626,2441,2104,,,,,,,,,
4546,1067,3943,1837,3726,,,,,,3421,2978,2613,2426,2090,,,,,,,,,
4471,1079,3860,1851,3644,,,,,,3342,2994,2625,2440,2105,,,,,,,,,
4455,1070,3841,1834,3628,,,,,,3323,2988,2606,2423,2088,,,,,,,,,
4463,1089,3857,1855,3642,,,,,,3341,2998,2630,2444,2110,,,,,,,,,
4485,1087,3873,1852,3654,,,,,,3353,3018,2634,2452,2100,,,,,,,,,
4467,1069,3858,1849,3642,,,,,,3342,2999,2629,2450,2101,,,,,,,,,
4483,1071,3870,1838,3658,,,,,,3354,3004,2627,2438,2094,,,,,,,,,
4729,1243,4122,2028,3910,,,,,,3606,3246,2864,2678,2279,,,,,,,,,
4739,1207,4113,2009,3900,,,,,,3589,3244,2866,2679,2267,,,,,,,,,
4526,1073,3888,1869,3673,,,,,,3372,3031,2649,2464,2117,,,,,,,,,
4449,1069,3837,1837,3628,,,,,,3323,2986,2608,2426,2088,,,,,,,,,
4503,1078,3886,1850,3674,,,,,,3368,3034,2640,2458,2102,,,,,,,,,
4508,1083,3894,1863,3679,,,,,,3372,3039,2649,2464,2111,,,,,,,,,
4483,1097,3865,1863,3652,,,,,,3345,3008,2639,2456,2112,,,,,,,,,
4490,1083,3884,1857,3669,,,,,,3364,3025,2643,2460,2109,,,,,,,,,
4720,1084,4103,1864,3887,,,,,,3587,3008,2632,2447,2112,,,,,,,,,
4503,1087,3888,1854,3678,,,,,,3372,3037,2647,2462,2112,,,,,,,,,
4660,1081,4050,2023,3841,,,,,,3536,3171,2795,2608,2271,,,,,,,,,
4471,1078,3861,1854,3646,,,,,,3343,2996,2614,2437,2094,,,,,,,,,
