isr_entry,c_entry,lock_vma_under_rcu_start,lock_vma_under_rcu_end,handle_mm_fault_with_vma_lock_start,handle_mm_fault_with_vma_lock_page_table_walk_end,page_allocation_start,page_allocation_end,handle_mm_fault_with_vma_lock_end,c_exit,iret,end
1826,463,785,532,337,1022,5124,3137,4930,422,713,825
1555,500,392,583,374,628,1464,4556,3285,503,687,910
1464,466,392,444,405,538,684,3872,2448,473,735,821
1459,461,307,453,294,526,526,3248,1936,372,674,827
1459,467,374,414,246,495,508,2832,2732,357,691,784
1471,467,386,436,293,512,849,4150,3867,368,705,778
1460,455,360,432,289,644,808,2762,2586,378,674,829
1546,461,409,457,296,593,1095,3512,2633,359,693,814
1483,471,403,396,249,488,849,4944,2947,405,692,857
1493,471,406,392,285,538,843,4546,3098,475,686,953
1550,463,427,396,246,485,841,3868,2980,369,687,885
1500,493,394,447,248,583,711,4280,3101,413,686,864
1489,502,412,445,308,563,1136,6187,3995,407,694,784
1493,473,423,514,323,526,1072,3973,3764,404,673,859
1472,457,384,415,288,624,918,3246,2584,369,831,784
1469,475,409,402,307,522,706,2860,2040,396,697,1198
1502,463,394,398,296,494,693,3034,17847,380,755,1170
1538,461,467,400,244,486,916,3607,3082,369,715,1077
1544,463,402,396,264,508,772,3195,2125,382,691,977
1485,481,393,396,262,503,876,3555,2522,366,687,942
1690,461,392,394,266,514,646,3965,3546,411,705,895
1473,479,419,404,246,865,1030,3597,3096,418,697,945
1473,467,394,432,240,492,802,3281,2134,421,707,965
1459,457,400,396,244,479,863,2499,2161,355,691,904
1457,457,400,392,246,475,695,2378,2304,353,786,803
1459,455,390,416,293,479,538,3112,2066,358,674,816
1458,457,384,409,288,709,841,2598,2324,564,693,843
1471,471,437,396,294,486,528,2740,3132,380,676,835
1458,459,388,400,246,482,731,2846,2165,357,709,821
1505,489,384,394,289,536,1127,3699,3313,413,694,857
1477,467,380,396,288,479,555,2344,2046,353,689,851
1458,459,398,392,248,480,798,2452,2498,378,678,813
1461,457,369,409,284,609,512,2923,2060,368,692,819
1471,461,315,394,290,481,754,2665,1849,556,691,818
1456,465,378,421,288,561,508,2451,2029,362,691,826
1458,461,443,396,287,487,506,2695,2154,386,690,815
1464,463,396,411,284,484,745,2844,2106,356,690,821
1459,459,374,392,292,575,808,2454,2393,360,690,811
1469,479,380,396,291,652,830,3687,2568,357,675,812
1457,459,384,392,292,486,845,2453,1922,357,687,865
1459,455,390,396,245,476,526,2693,2005,382,670,870
1462,455,376,398,250,481,504,2405,2035,386,719,815
1457,455,381,405,243,482,806,2592,2109,355,715,810
1459,463,400,392,246,485,502,2789,1820,359,687,812
1460,471,392,392,248,482,542,3079,2424,418,699,814
1489,475,402,431,244,650,804,3285,3049,383,697,813
1461,475,380,392,246,619,780,2968,2756,354,672,821
1459,455,380,398,244,576,640,2361,12851,378,717,809
1457,455,402,414,262,498,617,2986,1820,356,715,814
1462,457,394,390,258,480,579,2407,2061,378,691,818
1462,459,378,396,244,479,600,2547,1771,356,694,813
1465,461,373,398,240,496,556,2517,1960,366,690,813
1465,455,396,392,246,550,549,2478,2130,358,719,821
1467,463,392,413,243,498,595,2448,2313,368,717,849
1455,479,372,392,246,593,1034,3180,3001,369,677,896
1461,457,384,394,243,490,546,2212,2113,359,713,811
1463,459,396,396,244,479,664,2553,2489,359,705,963
1463,459,390,404,246,479,534,2190,2092,366,692,780
1464,455,374,396,246,479,541,2864,2059,354,692,815
1464,463,386,392,246,494,709,2555,1928,381,718,826
1455,451,377,390,242,508,536,2222,2054,394,709,815
1458,465,386,419,245,494,546,2290,2037,380,725,810
1465,455,380,394,243,492,514,2246,2267,358,690,815
1463,473,390,396,279,538,934,19519,3203,418,719,813
1479,477,396,397,286,496,643,2475,2236,357,722,775
1464,463,380,396,291,591,567,2191,2149,352,723,819
1454,467,380,392,244,490,619,2763,1779,360,688,790
1458,455,384,394,244,489,583,2287,1825,355,689,814
1501,455,378,392,245,486,741,2633,1864,356,689,786
1508,459,373,394,244,484,560,2763,2571,370,691,810
1462,459,413,402,246,483,857,2665,1952,360,690,815
1463,477,378,437,243,496,1310,3092,3428,356,691,855
1456,455,403,394,241,527,599,2372,1977,382,690,878
1475,455,392,394,243,480,648,4032,2640,372,693,857
1481,479,418,421,282,494,1007,3742,2498,372,699,835
1459,457,396,400,242,509,841,3884,2820,355,693,904
1469,461,404,400,244,502,930,3644,3100,376,684,870
1485,463,402,414,240,484,625,3565,2470,378,719,831
1479,499,415,414,291,493,1227,4670,17641,360,711,942
1499,467,380,394,243,484,1141,3527,3560,393,684,1123
1522,491,421,426,246,532,787,3424,2659,362,733,951
1491,493,421,392,280,518,630,3491,3579,451,713,975
1461,457,384,396,247,496,975,3390,2730,400,730,885
1527,455,394,398,244,480,621,3000,2619,355,687,818
1457,455,394,396,244,479,821,2396,2093,355,691,812
1467,457,373,411,241,492,573,2525,2096,361,687,835
1466,459,390,392,244,494,696,2621,2027,361,685,816
1461,469,376,420,289,485,764,3193,2874,356,690,859
1468,475,388,405,280,494,1832,3219,2180,402,737,837
1461,467,404,429,243,486,1879,3422,2212,421,703,1237
1467,465,323,394,248,512,822,3703,3325,411,688,845
1518,473,392,412,248,536,1111,4128,3780,650,691,938
1495,461,409,392,245,480,1058,4272,3557,390,690,1036
1466,465,319,421,241,498,888,3904,3089,394,691,849
1483,482,400,471,299,578,1270,4408,5332,361,695,874
1470,459,419,428,244,496,1064,3228,2338,392,676,876
1466,466,418,422,260,537,1235,3567,2689,360,686,869
1489,475,426,394,246,514,872,3761,2808,420,725,829
1480,470,404,428,248,502,1243,3969,2950,361,697,833
1471,461,394,402,246,595,1168,3721,2990,429,705,820
1495,493,410,425,244,520,875,3602,3512,394,684,799
1460,463,400,413,298,508,1063,3873,4256,396,749,825
1491,473,376,411,288,504,1405,3886,3884,363,689,914
1455,465,380,416,293,564,730,3132,2137,384,690,829
1478,462,388,404,294,502,611,2214,1973,357,717,823
1468,453,388,397,241,514,585,2515,1986,362,713,819
1461,455,378,408,244,493,920,3488,1844,372,689,891
1454,455,384,411,245,504,585,2157,1769,356,687,814
1463,459,479,402,242,57921,1286,3088,4158,615,1034,944
1479,520,396,453,304,535,562,3051,41401,768,894,873
1460,474,306,411,288,481,823,3112,2947,364,721,971
1462,455,384,392,244,512,835,2120,2300,378,684,815
1466,457,323,417,248,491,892,2263,2461,364,691,822
1458,457,376,392,246,495,551,2894,1944,356,684,813
1464,457,407,396,243,760,534,2233,2094,357,685,819
1462,458,392,396,245,480,554,2393,2011,356,721,839
1469,457,416,441,250,508,585,2439,1877,376,695,822
1466,453,386,431,246,481,648,2805,1769,368,691,818
1467,471,386,392,282,533,826,3092,2529,357,691,825
1458,455,398,390,246,480,591,2555,2143,360,686,809
1468,455,392,415,241,502,569,2435,1893,356,691,812
1458,455,408,407,241,496,552,2568,2035,419,731,798
1462,455,394,392,244,479,549,2200,2204,396,688,813
1482,468,390,392,249,484,591,2673,2100,386,685,831
1460,455,406,396,244,486,623,2269,1881,356,690,811
1467,469,410,410,246,482,564,2485,2248,380,713,814
1458,474,382,392,282,567,733,27056,2787,589,721,851
1461,489,409,392,247,512,925,2486,2573,352,739,774
1472,463,403,396,249,488,900,2378,2602,356,713,782
1458,459,380,415,241,504,874,2646,2405,356,684,829
1463,453,406,414,242,760,863,3015,1755,353,693,804
1454,465,402,695,246,495,585,2338,2015,372,687,835
1463,455,396,404,254,490,548,2210,2143,356,696,829
1479,461,400,403,241,559,719,2387,2139,424,737,789
1454,455,390,394,240,577,1210,2320,2187,388,750,821
1464,494,388,392,246,487,949,2417,2878,376,689,924
1461,461,384,416,246,508,887,3232,1846,360,676,821
1467,461,388,396,244,489,711,3514,2846,359,673,820
1461,465,388,392,301,491,750,2754,2767,418,687,808
1466,465,407,392,246,495,1028,2840,2476,363,683,843
1463,481,394,395,255,502,827,3114,13095,386,693,849
1497,466,377,409,284,490,686,3019,2382,380,691,881
1495,461,402,427,293,479,731,2933,3327,354,674,961
1489,484,377,417,292,510,585,3049,2811,360,693,859
1469,457,396,437,292,498,599,2080,1910,382,729,822
1464,457,346,394,288,492,607,2968,2181,382,715,843
1454,468,388,392,245,480,692,2698,2370,352,721,839
1481,459,386,396,291,479,707,2549,2844,370,717,851
1458,469,317,408,262,488,573,2795,2271,396,715,814
1465,455,390,394,286,484,542,2515,2547,370,690,835
1467,455,485,394,244,481,541,3733,2263,372,696,904
1503,475,411,396,292,530,939,3158,3321,403,674,815
1462,459,370,412,287,546,557,2447,2462,356,690,788
1458,461,390,394,248,504,633,2418,2870,434,689,835
1458,455,390,415,241,518,730,2563,1879,359,689,811
1465,459,384,396,241,482,715,2653,2132,382,689,845
1509,471,400,439,244,483,786,2436,3171,369,679,995
1467,453,408,418,246,485,636,2617,2337,356,676,847
1476,461,390,392,244,480,652,3242,1984,382,689,810
1479,487,405,396,292,538,866,3000,2901,369,693,816
1464,465,393,412,286,579,699,2281,1918,355,687,867
1461,455,386,412,242,514,893,2688,2122,376,675,816
1495,459,392,406,256,559,560,2779,2293,356,692,856
1471,475,376,394,246,500,1318,2789,2358,374,701,916
1464,461,392,394,295,481,538,2290,2291,353,685,790
1457,459,380,396,288,480,725,2439,2476,354,689,828
1471,461,390,394,246,518,780,2900,2653,408,717,817
1459,479,398,431,288,533,684,2846,3319,402,685,855
1459,467,618,420,246,481,668,2426,2151,372,717,808
1464,457,390,398,244,481,817,3199,3283,355,693,829
1471,467,414,435,288,488,747,2485,2145,398,729,916
1458,457,384,400,291,479,939,2837,15322,408,732,859
1454,465,402,398,287,526,583,2563,2682,359,689,798
1461,459,386,392,294,478,839,2476,2043,376,689,826
1471,471,404,408,295,485,1046,3104,2905,408,695,843
1489,469,378,435,278,573,628,2541,2466,367,691,833
1458,466,384,396,254,481,565,2368,1879,396,705,782
1476,486,390,416,291,483,681,2565,2047,356,717,1148
1461,461,402,394,244,487,616,2606,2368,380,682,856
1456,469,388,398,242,492,786,3266,2446,353,676,880
1473,459,373,395,290,550,642,2600,2178,376,711,818
1462,453,398,392,244,494,696,2348,2180,361,717,819
1456,455,398,421,244,514,680,2793,2832,495,679,956
1479,459,386,394,241,480,696,2988,2227,365,1063,798
1460,459,394,399,247,494,819,2707,2706,355,697,831
1457,457,396,396,246,522,802,2785,2015,357,711,831
1473,455,390,392,245,494,703,2817,1966,374,676,811
1465,459,390,406,293,479,595,2490,2426,359,677,851
1461,463,388,410,287,495,776,2458,2078,355,719,809
1464,472,384,398,288,516,630,2585,2592,356,713,814
1458,457,398,397,284,579,577,2472,1958,361,675,898
1462,459,390,396,244,492,703,2362,2474,361,848,816
1459,469,402,540,293,520,1105,3242,2526,354,713,823
1465,455,396,408,305,565,629,2448,2490,354,715,818
1461,457,394,396,244,479,549,2563,2129,355,691,845
1460,453,372,396,240,487,618,2876,2084,356,690,819
1457,459,406,416,246,481,750,2572,2232,378,684,823
1465,479,374,396,291,528,573,2287,2807,378,688,829
1481,457,388,396,287,508,786,2845,2454,374,697,826
1468,455,396,398,287,487,782,2544,2041,355,685,831
1495,464,390,396,243,492,577,2919,2870,355,679,910
1481,469,386,398,242,481,640,2570,1946,357,677,855
1458,461,425,398,246,489,536,2669,14140,360,674,839
1477,489,423,394,248,497,910,3470,3105,394,717,888
1479,467,537,418,274,543,822,3072,3030,413,698,902
1468,488,412,406,244,536,882,3427,2667,365,679,883
1462,473,388,419,292,526,931,2943,2598,363,707,849
1495,504,386,396,293,489,900,3500,3613,366,674,941
1514,493,419,396,246,509,1237,3320,2898,423,682,829
1471,481,400,398,240,487,661,3120,2474,369,717,833
1538,463,406,394,250,652,1075,4208,3189,378,697,938
1520,489,437,443,290,514,1536,3439,2912,366,687,887
1463,457,386,404,291,485,569,2616,2486,358,701,812
1458,468,410,394,288,486,855,2761,2445,380,717,813
1453,457,388,398,252,508,619,2655,2693,352,692,843
1464,470,398,396,246,479,959,3041,2490,359,687,837
1501,477,384,392,291,501,880,3382,2821,378,689,857
1467,455,520,414,291,508,631,2789,2060,355,715,839
1459,457,384,422,287,513,756,3305,3329,358,674,813
1456,506,404,398,291,494,648,2541,3339,372,711,837
1469,465,386,394,291,479,814,2706,2458,361,713,821
1469,455,394,396,244,491,522,3011,1962,361,689,818
1454,455,384,396,240,488,934,2882,2468,354,684,868
1457,459,392,394,244,477,597,3084,3020,382,688,868
1464,477,380,396,291,502,859,3193,2596,357,683,824
1465,463,390,394,250,492,629,2302,1923,356,678,811
1475,469,404,395,245,488,516,2451,2649,392,715,788
1464,486,386,398,244,479,632,2265,2585,563,715,790
1460,459,392,396,268,606,638,2748,2653,355,709,796
1450,455,406,394,246,481,618,2127,2866,357,683,786
1460,457,414,396,244,488,703,2628,2440,355,715,1207
1465,461,416,392,244,502,575,2610,2381,398,731,786
1497,470,371,398,291,514,648,3144,2836,359,697,877
1461,461,386,412,292,520,618,2318,16603,382,717,841
1467,459,414,415,294,484,580,2353,2084,373,673,790
1458,459,386,394,264,478,542,2862,2204,353,721,787
1493,457,394,417,244,481,656,2643,2565,354,711,790
1463,459,305,402,254,487,622,2602,2236,372,713,790
1475,479,431,469,246,660,821,3477,3297,370,727,814
1481,471,409,434,244,532,1558,5407,4697,363,687,997
1475,481,410,390,252,624,1005,4132,3175,455,692,1201
1460,459,384,390,244,540,701,3014,2107,355,717,815
1456,457,376,416,291,485,526,2425,2369,361,718,832
1460,459,388,392,248,486,552,2693,2091,379,720,816
1462,461,388,392,244,485,527,2482,2165,356,717,871
1457,455,386,418,260,504,642,2535,2275,365,723,815
1455,471,380,394,244,508,800,2553,2281,392,723,811
1471,455,420,396,242,493,705,3147,2183,374,717,819
1463,473,402,459,244,481,837,2647,2486,358,694,857
1466,459,390,394,240,514,542,2243,2019,355,699,890
1463,475,408,415,244,479,530,2137,1930,382,710,815
1460,459,406,413,246,493,591,2543,2263,374,715,817
1454,473,388,398,285,483,614,16363,2605,377,715,801
1466,459,390,402,244,506,760,2833,2726,356,719,786
1451,459,392,394,260,638,526,3256,2252,360,693,889
1458,473,397,402,243,480,656,2561,2572,368,784,839
1455,465,382,392,296,520,915,3284,3043,355,695,847
1487,457,384,392,248,481,543,2724,2106,358,678,815
1465,477,374,394,248,479,532,2415,2257,378,715,817
1457,455,398,435,258,483,687,2614,2313,360,717,821
1462,455,398,394,244,496,625,2418,2029,390,696,843
1483,457,384,398,286,494,593,3435,2444,365,711,821
1455,461,384,418,244,502,668,2563,2598,362,693,857
1454,457,386,421,244,477,764,2711,2712,356,715,810
1464,455,384,396,293,481,569,2486,15832,386,676,813
1508,473,378,430,246,488,672,2823,2609,639,689,823
1467,477,384,431,245,484,820,2487,2281,380,692,855
1471,485,402,425,254,502,617,2375,1956,396,719,924
1462,464,392,422,287,483,680,2702,2468,384,711,827
1454,475,401,414,246,493,591,2261,2090,382,673,832
1462,457,388,396,246,654,693,2703,2365,378,674,857
1461,471,384,394,246,528,526,2529,2185,354,678,819
1482,478,394,445,294,486,739,3281,2780,356,692,886
1489,461,337,439,292,598,643,2816,2133,359,691,879
1462,453,390,431,290,573,638,2513,1903,357,691,857
1458,457,396,395,243,502,534,2255,2427,376,697,861
1466,459,382,394,244,485,553,2470,2092,412,693,837
1454,459,384,392,244,500,678,2358,2099,351,701,818
1458,455,414,395,294,479,626,2436,2147,355,680,811
1499,463,388,397,243,490,575,3162,2097,379,677,786
1462,457,388,396,244,482,650,2415,2862,361,717,817
1456,477,380,392,272,632,711,2708,2858,380,690,833
1469,457,390,419,243,502,615,2682,1978,358,678,821
1459,455,390,408,289,481,528,2834,1885,353,693,812
1517,453,403,418,242,485,573,3281,2248,362,678,817
1459,465,380,422,291,548,634,2659,2031,355,675,788
1459,469,398,396,258,494,625,3167,2876,356,684,817
1458,473,419,392,246,483,735,2670,2463,388,778,815
1460,474,383,392,246,526,636,2893,2482,363,675,977
1489,471,400,433,286,500,776,3138,2376,358,693,863
1479,459,396,410,246,479,579,2913,2194,357,677,794
1461,455,383,397,241,480,530,2494,2056,353,689,784
1464,459,404,427,280,492,575,2592,1893,369,689,813
1458,457,394,429,240,481,701,2951,2659,380,691,810
1454,455,396,398,240,486,603,2557,2129,410,673,800
1483,459,396,422,244,494,585,2709,15430,378,674,800
1466,459,386,394,291,479,733,2787,1924,378,682,786
1475,457,402,396,254,486,721,2462,2427,376,682,793
1462,459,386,439,291,581,899,3242,2864,398,750,1188
1458,466,373,407,294,498,743,2996,2011,356,690,811
1518,455,373,394,291,495,742,2712,2386,360,688,914
1463,477,366,396,288,547,822,2503,2116,356,678,918
1473,461,366,392,292,553,631,3208,2323,354,674,815
1458,465,401,416,240,514,778,2654,2475,412,678,797
1459,457,372,400,241,490,766,2854,2232,360,690,841
1462,482,390,453,306,508,733,3506,2787,376,683,918
1465,471,422,451,311,585,731,2556,2707,431,695,851
1458,455,390,408,293,491,604,2913,1791,360,717,855
1460,463,376,419,288,480,534,2963,2237,361,677,855
1480,459,384,392,244,484,538,2996,2287,378,691,847
1464,461,384,396,244,479,539,2567,2283,360,715,814
1454,459,394,392,246,506,573,2681,2433,356,674,823
1460,463,397,434,244,481,819,2860,2216,360,690,829
1465,457,390,394,244,514,822,3244,2174,410,680,819
1460,481,397,396,290,481,872,4442,3074,355,693,873
1475,465,380,427,288,484,674,26341,2436,390,741,815
1462,455,406,394,295,487,695,2598,2513,359,675,820
1461,459,367,396,289,487,673,2870,2523,402,678,788
1464,453,403,451,288,620,599,2575,2383,358,674,786
1456,457,417,414,264,479,1158,2487,2319,354,721,778
1485,463,398,415,272,479,557,2508,2129,356,719,774
1501,497,407,432,289,487,772,2895,2898,358,690,870
1493,471,392,431,288,486,737,2775,1938,357,689,839
1475,455,390,396,252,572,551,2655,2061,356,723,851
1458,462,390,392,251,510,829,2639,1990,356,735,878
1456,455,418,407,243,494,660,2356,2625,359,721,843
1468,461,409,396,288,502,662,2897,14808,377,707,809
1462,457,415,398,250,483,579,2360,2462,403,690,837
1471,455,380,418,288,514,768,3400,2523,356,698,817
1452,459,370,410,287,481,810,2887,2212,374,690,825
1461,465,398,392,246,479,622,2632,2422,353,676,823
1462,471,392,437,287,585,1044,2847,2485,365,713,864
1459,455,392,394,244,481,662,2229,2092,355,675,812
1470,455,396,415,245,478,682,2939,2696,359,673,827
1465,457,378,396,245,492,743,2426,2090,378,686,837
1471,457,372,396,241,484,640,2533,2439,390,689,837
1478,462,373,392,291,479,705,3035,2407,353,693,849
1454,465,394,407,284,536,941,2378,2399,356,690,845
1483,473,390,396,291,479,1136,2994,2738,382,692,882
1459,467,384,431,290,481,559,2826,1956,353,676,809
1471,455,380,408,292,486,603,2287,1975,357,697,896
1458,465,386,394,291,581,757,3031,2186,355,691,810
1460,458,390,410,290,482,532,2667,2504,360,672,813
1469,459,305,394,288,482,526,3177,2098,361,695,825
1462,457,402,407,290,630,749,2787,3007,377,699,839
1462,455,382,418,293,479,774,2413,1983,351,681,818
1458,474,390,396,260,489,697,2580,2399,394,674,815
1462,488,400,435,270,479,726,2985,2716,364,695,853
1469,457,394,402,244,479,536,2405,2062,368,680,859
1462,461,394,411,288,486,638,3042,2155,376,685,824
1495,450,382,392,246,480,591,2990,2189,354,688,819
1466,472,390,410,244,479,632,2492,2259,355,715,811
1461,459,374,404,246,487,608,3034,2385,370,676,813
1461,477,309,394,290,480,609,2702,2252,358,715,814
1456,455,388,400,240,500,690,2669,2263,366,709,790
1463,477,390,396,291,589,670,2834,2896,360,674,815
1461,461,380,398,300,502,601,2251,2415,388,673,814
1454,455,390,435,245,484,560,2306,15029,352,715,818
1455,457,394,410,254,502,544,2509,2250,356,713,812
1469,455,406,396,244,514,820,2271,2157,413,682,819
1464,457,382,411,288,490,625,2200,2714,384,690,821
1515,455,305,394,291,485,644,2448,2151,357,675,810
1466,465,380,392,287,497,577,2923,2275,380,711,831
1460,459,396,392,291,491,736,2904,2777,378,692,815
1460,457,384,394,287,487,815,3416,2440,368,676,825
1477,498,308,392,291,483,634,2206,2082,356,715,808
1464,455,348,396,243,484,829,2553,2285,372,711,818
1489,461,321,404,266,506,853,2604,2627,369,695,812
1461,465,384,392,288,484,780,3359,2253,357,721,811
1454,455,520,394,287,479,644,2972,2260,368,676,845
1458,470,323,420,311,628,1129,3313,2527,363,685,810
1457,481,392,398,301,479,1099,3258,3667,412,703,859
1460,473,401,438,291,483,843,2832,2149,355,677,833
1465,457,404,415,286,502,832,3350,1976,378,691,865
1471,455,387,395,288,479,528,3259,2061,356,725,810
1462,457,305,416,299,501,620,2647,2464,449,686,802
1483,469,386,404,291,506,792,3575,2307,354,690,886
1457,459,378,410,288,486,654,2381,1854,356,676,865
1460,460,377,398,301,490,733,2641,2289,378,692,847
1467,461,404,396,289,508,585,3012,2364,360,678,827
1460,467,394,411,288,485,874,3441,2829,360,699,861
1471,457,388,396,288,480,652,2445,2267,356,678,829
1472,474,394,412,297,489,760,3341,2645,357,677,881
1483,455,384,396,294,628,790,2882,2466,356,719,851
1467,463,379,399,288,492,613,3008,2730,374,739,850
1459,457,388,420,285,489,650,3033,2332,380,688,817
1463,459,406,392,270,492,617,2651,2452,384,721,841
1461,457,376,392,266,491,792,2596,2554,357,677,814
1477,473,386,414,291,487,801,2925,15126,384,691,867
1461,475,392,394,325,618,700,2602,2964,441,672,855
1458,459,388,395,260,495,542,2621,2433,358,696,847
1461,469,343,427,258,492,637,2966,2917,414,691,835
1458,459,321,392,244,481,703,2718,2342,355,715,811
1464,462,398,400,294,480,739,2689,2564,368,719,814
1467,461,371,398,240,484,709,2380,2710,384,688,811
1466,469,386,400,244,486,613,2698,2384,352,682,835
1458,474,400,394,286,480,952,3252,2426,357,693,835
1467,455,388,392,292,565,591,2498,1867,356,688,782
1461,459,392,396,246,479,557,2632,2025,358,719,782
1460,457,386,394,244,481,795,2486,2110,360,684,786
1457,455,319,392,246,495,603,2523,2101,377,687,819
1462,457,390,394,244,486,627,3082,1984,356,723,812
1456,459,372,394,244,498,656,2462,2023,357,677,818
1461,461,398,410,246,480,68670,3894,3772,762,1076,996
1487,467,359,455,250,549,1196,3380,2539,404,677,816
1453,477,390,402,242,479,539,3406,2336,372,717,818
1468,458,396,416,246,491,539,2817,2251,386,690,817
1466,484,322,417,282,508,475,3878,2679,370,695,814
1462,457,319,417,292,502,603,2952,2260,386,691,815
1456,459,376,396,244,479,537,3132,2612,412,679,816
1456,461,396,404,267,576,782,3338,2399,371,691,813
1457,457,396,394,313,479,778,2935,2418,381,675,814
1460,457,376,398,240,481,575,2631,2465,411,686,815
1469,485,419,438,291,534,587,2551,2562,377,701,845
1457,455,371,413,288,482,564,2566,2041,398,687,857
1468,455,378,392,295,479,638,2856,2529,382,676,833
1479,475,305,394,290,616,666,2614,2340,380,717,946
1459,477,418,397,290,481,825,3285,2579,380,677,830
1465,479,396,400,291,581,769,2795,2308,360,676,934
1468,455,384,396,291,526,768,3376,15539,416,737,791
1472,478,385,395,302,691,936,3112,2990,360,723,792
1503,473,403,392,288,607,1008,3075,3222,390,674,924
1459,459,386,400,244,493,693,2500,2072,356,715,818
1461,473,380,394,244,633,638,2941,2217,383,673,839
1461,457,341,396,242,493,606,2673,2431,384,687,826
1461,455,402,402,244,489,815,2783,2185,356,690,815
1467,457,384,396,286,480,715,2555,2297,356,715,812
1471,465,412,407,288,685,658,2612,2423,352,715,824
1767,461,400,415,288,481,1087,2935,2289,380,671,818
1461,475,398,433,248,487,977,2809,2481,377,677,810
1458,466,390,392,241,610,623,2511,2228,352,674,812
1489,474,390,430,287,493,916,3543,3296,364,689,845
1462,465,419,436,311,494,577,3065,2643,377,723,1103
1460,455,388,408,244,486,1375,2898,2871,390,690,837
1466,471,413,439,276,567,875,2807,2616,356,691,859
1468,457,400,394,291,500,743,2570,2323,364,729,833
1469,475,386,441,246,548,727,3334,3142,362,700,809
1485,474,363,443,244,479,715,2824,2358,359,689,863
1462,459,374,410,254,480,518,2525,2118,362,690,853
1458,453,400,475,277,499,805,2856,2149,355,679,798
1460,502,380,394,244,495,520,2773,2409,354,674,814
1460,459,388,392,281,485,928,47381,2615,384,802,1198
1463,457,402,398,290,492,804,3492,2844,371,677,977
1499,455,305,404,244,487,752,3065,2744,362,691,788
1465,453,396,398,292,532,748,3075,2255,394,705,812
1479,473,386,433,286,489,959,3191,2834,361,685,940
1463,455,374,396,246,487,579,2614,1956,358,672,815
1460,451,388,392,246,503,707,2580,1911,399,780,808
1457,503,394,398,244,492,1028,2939,2403,359,715,817
1469,461,394,396,244,496,609,2752,2452,378,686,823
1460,457,390,398,252,534,727,2978,14282,380,678,829
1467,461,384,436,289,485,705,2507,2892,362,692,858
1476,455,370,414,287,479,658,2970,2403,355,717,819
1470,475,386,392,291,512,932,3082,3168,370,693,1137
1460,459,384,402,291,479,601,2562,1871,402,698,815
1459,457,383,417,286,484,705,2971,2480,358,715,879
1461,473,378,396,288,587,634,2756,2151,364,672,811
1458,467,325,392,246,480,1123,2941,2330,396,672,860
1470,465,382,398,263,483,857,3151,2478,388,694,811
1468,457,372,396,301,481,750,2638,2113,357,673,826
1456,466,390,420,290,604,601,3090,2429,384,674,821
1465,471,380,431,300,482,1082,3143,2911,379,695,823
1464,488,402,400,295,641,618,2576,2829,358,690,811
1462,457,398,407,245,488,654,2549,2277,356,727,814
1456,455,386,420,244,490,652,3059,2204,408,693,826
1455,459,384,394,240,481,733,3045,2159,376,674,831
1487,461,337,417,288,496,717,2642,2336,368,676,809
1465,469,410,433,284,510,871,3051,2450,364,688,813
1454,475,386,433,246,503,809,3138,3031,359,734,851
1501,482,400,437,286,489,596,2770,3035,364,686,863
1475,461,382,396,288,492,579,2380,2182,367,687,831
1465,457,379,431,246,502,771,2909,2850,360,717,814
1473,461,394,400,258,487,774,2925,2529,358,682,813
1463,453,384,404,246,587,916,2640,2442,412,691,818
1460,461,403,392,247,478,768,2823,1993,357,719,837
1458,455,313,394,246,479,656,2436,1992,354,680,813
1462,455,404,395,241,498,644,2783,2535,377,675,814
1463,481,392,431,288,484,1174,3217,3017,372,696,847
1456,460,325,414,301,554,788,2645,2415,388,680,917
1472,474,390,396,300,480,849,3227,2580,384,674,817
1467,471,372,396,292,478,885,2807,2617,378,674,829
1464,467,390,398,248,484,613,2458,14690,378,698,809
1459,455,398,394,288,634,1034,2848,2309,352,715,786
1456,465,382,394,291,485,654,2521,2285,356,672,790
1459,459,390,396,290,482,623,2566,2238,382,681,786
1462,457,378,396,244,485,843,2690,2913,385,697,792
1491,487,396,439,248,516,680,3652,3135,359,691,863
1461,461,390,396,242,485,563,2421,2234,378,691,814
1483,455,386,394,241,569,780,2545,2371,355,719,813
1464,453,392,392,246,479,553,2269,2230,370,721,788
1467,459,390,412,244,503,655,2484,2053,356,694,850
1459,461,394,420,244,479,821,2842,2389,353,721,817
1491,490,406,414,297,500,1176,3624,3018,372,698,858
1487,486,380,394,294,510,920,3167,3140,447,727,888
1461,473,388,396,288,567,847,2819,2879,406,685,1005
1460,459,380,398,240,483,746,3128,2736,360,719,839
1493,467,384,396,245,478,825,2918,2375,414,693,815
1477,455,306,398,289,504,694,3238,2637,355,715,817
1462,455,396,393,290,481,504,2450,2261,410,682,813
1459,461,380,394,243,490,914,2899,2210,382,674,814
1458,455,429,394,248,628,71924,3541,3489,482,910,1269
1489,475,380,416,289,514,645,3147,2346,384,705,826
1461,473,390,396,244,483,687,2547,2220,358,723,863
1461,487,319,396,290,498,754,3276,2531,378,697,845
1460,459,378,422,256,482,666,2872,2495,388,696,788
1462,471,331,392,244,484,1147,3013,2711,380,687,824
1460,459,386,396,244,500,755,3092,2600,359,689,806
1465,485,307,398,290,478,818,2789,2750,360,678,967
1467,477,384,394,293,491,965,3128,2773,359,681,855
1499,459,390,409,294,492,631,2507,2474,356,700,896
1501,475,388,433,290,482,969,2807,2683,427,676,833
1454,455,380,394,291,501,575,3248,2040,355,715,776
1453,485,392,415,280,599,1461,2175,14532,382,702,943
1471,457,408,394,292,504,581,2486,2446,370,735,792
1466,463,401,400,307,487,839,3016,2387,388,691,924
1483,507,378,396,248,504,792,2716,2289,360,686,851
1465,477,398,395,262,481,1026,3272,2576,410,719,837
1461,457,402,400,252,489,622,2488,2919,368,678,786
1501,484,396,434,287,485,839,3177,2899,444,689,930
1465,467,420,401,243,480,556,2753,2067,354,693,818
1466,486,382,392,252,479,957,3152,2391,382,719,825
1461,467,386,471,244,481,1006,3118,2543,394,687,834
1467,455,378,394,244,479,806,3031,2273,378,686,856
1458,474,327,396,292,502,550,2550,2157,384,690,815
1468,457,386,392,293,481,595,2785,2401,354,690,817
1461,461,408,424,297,496,906,2415,2537,357,693,790
1458,478,380,394,290,484,782,3219,3195,417,690,857
1462,465,396,396,289,491,653,2797,2183,380,691,822
1467,467,346,394,245,583,579,2795,2387,355,681,869
1460,461,390,396,244,481,658,3133,2685,359,697,863
1471,459,396,408,291,552,715,2826,2283,353,715,821
1461,479,386,392,262,483,652,2995,2240,374,733,855
1463,463,382,396,272,484,851,2817,2437,372,715,823
1464,482,384,424,291,562,977,3916,3299,366,690,854
1503,475,390,445,284,490,703,3624,2600,369,689,881
1464,459,384,437,272,488,674,3738,2305,353,746,776
1463,477,368,392,293,479,607,2744,2259,354,715,786
1463,461,408,396,291,526,763,2639,2253,357,715,799
1478,466,400,396,244,487,928,2917,2744,372,715,902
1467,459,382,436,273,520,962,3072,2705,403,715,930
1467,457,376,418,244,597,756,3168,2627,355,699,841
1473,487,380,433,286,498,1038,3579,2819,356,676,851
1493,479,390,390,289,518,930,2669,2263,380,696,841
1462,459,386,399,245,482,562,2669,13307,372,678,817
1460,467,307,396,289,528,780,2876,2393,390,721,824
1464,468,396,396,246,568,577,2943,2271,360,715,821
1458,474,379,395,294,484,587,2350,2275,353,717,784
1460,459,382,396,246,497,738,2600,2362,356,678,786
1476,457,390,393,245,482,674,2830,2134,415,678,799
1482,474,390,400,244,481,644,4044,3344,385,722,818
1460,467,384,396,250,518,768,2949,3066,365,689,1186
1495,455,382,396,250,509,715,2785,2306,359,715,829
1465,457,390,394,245,504,735,2735,2423,372,712,819
1466,459,384,394,244,482,717,2360,2470,376,719,824
1461,455,396,394,243,482,865,2582,2667,372,674,819
1458,461,390,435,244,508,627,2734,2218,358,711,812
1465,455,387,395,245,480,544,2429,2190,376,689,834
1470,459,358,485,244,490,1050,2998,3159,371,687,818
1458,467,403,404,246,479,792,2708,2758,400,697,859
1458,453,392,408,244,622,830,2779,2393,357,689,823
1459,457,388,394,244,499,561,2362,2676,388,692,851
1479,465,404,398,244,483,681,2825,2318,359,691,794
1467,455,384,398,246,501,957,2692,2719,364,691,808
1608,467,336,402,248,501,691,2807,2401,410,685,794
1458,459,374,394,268,480,845,2683,2486,358,688,786
1485,477,382,402,244,483,959,3366,3333,398,717,904
1495,476,375,421,290,486,727,3069,2560,359,693,851
1473,465,398,420,295,524,715,2738,2235,359,766,800
1461,457,384,392,300,520,797,2990,2248,358,684,988
1483,459,403,410,246,481,1036,2832,2335,354,715,827
1452,461,410,407,241,492,845,2468,2287,412,709,819
1462,455,394,395,288,526,800,2747,2636,376,687,818
1463,461,382,392,245,486,652,2433,2192,356,690,815
1461,455,386,392,246,495,780,2862,2133,356,688,819
1457,481,386,455,289,483,914,2815,14808,408,709,813
1458,467,374,394,244,493,671,2801,2409,359,713,778
1473,471,392,400,244,481,770,3065,2568,436,720,773
1459,459,392,424,240,526,599,2647,2803,354,692,1095
1456,461,398,398,291,508,727,2399,2551,366,690,813
1491,477,415,424,242,479,951,2819,2734,356,686,929
1461,455,406,392,301,477,597,3086,2401,378,688,823
1458,455,506,388,288,480,635,3114,3210,375,681,831
1491,471,409,416,293,532,1418,3148,2832,404,696,841
1495,488,306,396,264,520,618,2413,2297,403,694,1020
1479,473,388,392,244,481,718,3103,2375,357,685,857
1456,458,387,395,241,480,761,3092,2531,404,715,821
1461,457,390,418,289,603,841,2718,2492,396,676,829
1460,465,380,394,291,475,794,2442,2417,355,713,823
1470,463,394,407,248,505,640,2854,2303,390,709,825
1464,459,398,397,245,498,638,2594,2500,421,678,815
1462,482,406,396,244,501,768,2925,2133,353,722,820
1477,471,394,429,248,481,920,3561,2838,355,697,831
1459,455,382,416,246,489,563,2474,2123,390,715,847
1468,466,390,396,247,496,498,2419,2456,357,711,821
1458,457,388,394,242,483,622,2275,2204,357,717,821
1485,477,404,394,295,601,823,2921,2563,421,713,828
1460,502,439,402,246,479,1064,3238,2913,362,688,886
1507,473,403,440,244,502,863,2996,2521,418,717,821
1463,477,406,427,288,628,664,2440,2254,421,686,831
1469,471,392,394,289,540,540,2842,1921,358,691,814
1456,476,402,412,254,490,587,2853,2152,357,676,821
1461,451,408,431,302,510,547,2925,2784,382,715,843
1465,455,372,420,288,482,796,3002,2409,378,719,821
1461,455,390,394,244,485,758,2334,2464,414,717,829
1471,457,351,392,244,481,595,2568,2500,370,689,859
1467,461,392,392,299,485,997,2694,13680,380,800,829
1466,459,390,396,287,560,717,2578,2561,356,725,841
1464,468,408,435,286,524,865,3096,2704,373,691,835
1467,467,382,429,288,496,780,2667,2352,357,695,873
1461,455,390,400,248,485,585,2430,2443,368,678,815
1461,455,386,418,244,481,671,2748,2669,355,715,788
1467,457,384,392,244,491,701,2915,2399,357,715,786
1461,471,372,402,248,485,815,2801,2630,390,715,786
1489,471,372,396,245,506,963,2647,3179,355,674,791
1461,455,394,392,247,514,567,2663,2297,352,717,790
1483,473,382,429,296,480,847,3616,2559,355,679,900
1503,457,395,396,258,495,553,2697,2257,362,682,827
1473,461,366,404,246,526,530,2533,2192,361,689,786
1461,475,364,402,258,526,851,2730,2440,355,691,786
1460,457,382,396,244,484,621,2789,2370,362,691,792
1458,477,405,402,260,481,786,2669,2290,359,689,790
1455,461,554,396,252,480,786,2492,2679,356,688,795
1459,459,396,392,246,481,892,2523,2740,361,689,934
1458,468,384,455,288,646,636,2990,2482,380,692,961
1467,457,388,396,288,793,798,2978,2786,380,723,837
1468,455,376,394,244,487,807,2740,2712,367,717,819
1489,459,398,426,299,496,1003,2956,2370,368,688,821
1460,469,380,392,244,495,825,2606,2432,369,715,811
1468,465,398,437,244,481,1042,2793,2627,384,715,820
1459,471,420,394,248,510,711,2200,2437,384,691,816
1489,481,407,430,295,554,831,3344,2943,372,690,1304
1538,495,407,436,248,479,563,2742,2700,412,693,814
1482,460,371,415,294,480,645,2558,2232,356,721,810
1459,475,396,394,291,593,542,2483,2461,358,713,849
1461,467,400,396,289,505,847,2517,2362,368,687,898
1505,482,400,449,284,482,784,3148,2220,358,691,873
1461,477,374,396,262,490,897,2661,14528,390,770,824
1458,459,392,401,241,583,1059,2754,2628,384,742,818
1463,461,382,396,288,502,758,3030,2545,382,693,806
1466,470,377,435,293,566,947,3290,2525,382,721,935
1465,461,321,408,290,486,634,2884,2123,357,711,821
1471,498,430,421,262,583,674,2653,2923,376,688,821
1461,457,382,410,295,499,973,2793,2553,358,723,811
1463,463,376,398,290,482,792,3289,2518,437,729,825
1465,479,384,392,246,479,1306,2860,2799,362,688,1109
1461,461,390,396,242,497,675,2677,2886,380,719,857
1489,463,390,412,284,528,697,2718,2533,386,676,839
1489,479,390,433,294,561,857,3053,3067,380,678,813
1605,463,305,410,256,518,611,2779,2078,368,688,833
1465,461,386,394,243,482,823,2855,2202,378,715,819
1456,463,336,430,295,475,983,2608,2312,357,711,862
1528,455,386,434,291,632,989,2453,2479,367,701,967
1461,459,381,413,288,492,587,2860,1962,380,693,873
1465,467,402,420,287,483,731,2682,2496,400,695,821
1465,473,392,400,301,581,733,2639,2451,402,693,839
1471,469,374,394,295,591,786,2909,2593,356,697,867
1464,486,390,396,292,486,702,2584,2306,382,676,819
1606,459,427,396,295,489,705,3049,2472,357,693,857
1485,457,384,396,288,484,698,2787,2944,384,686,827
1472,463,305,394,240,481,746,3526,2320,406,688,845
1479,483,403,406,288,500,1162,2990,2681,368,688,851
1456,453,307,394,244,489,715,3124,2480,376,691,810
1544,467,404,435,286,488,1050,3601,3297,388,693,851
1485,473,376,432,293,538,894,3433,2474,412,701,855
1460,472,384,392,258,497,539,2344,2006,352,717,825
1462,455,390,392,246,483,624,2687,2009,362,690,963
1460,463,399,396,241,498,620,2289,2431,356,690,813
1467,459,414,398,287,489,1162,2988,14347,378,788,832
1470,455,403,392,245,480,635,2830,2446,379,713,937
1460,474,378,394,288,481,638,3074,2878,402,678,847
1467,455,416,396,287,505,703,2736,2602,354,1003,865
1483,469,384,432,287,504,938,2746,2438,357,689,831
1457,481,398,394,287,513,610,2437,2040,384,684,853
1458,459,378,400,290,500,744,2768,2259,351,691,812
1465,479,390,405,245,500,817,3152,3407,400,686,803
1462,460,385,397,245,480,733,2029,2336,358,688,790
1477,459,384,394,242,496,786,2904,2158,383,693,790
1459,463,396,394,309,485,729,3002,2830,392,691,798
1465,455,390,408,295,479,750,2413,2388,370,719,782
1464,480,394,442,295,609,858,3345,3025,377,689,1261
1477,465,374,392,295,483,758,2527,2187,362,676,845
1454,455,410,392,287,483,772,2769,2187,354,715,818
1472,472,386,394,286,518,750,2732,2504,354,712,817
1475,463,305,396,247,484,678,2625,2419,378,688,841
1470,460,412,392,248,483,1255,3066,2600,359,687,814
1462,453,396,421,290,498,550,2627,2468,357,685,818
1465,455,305,396,246,479,678,2734,2850,372,689,832
1453,459,386,394,243,480,701,2727,2470,354,691,784
1460,470,381,427,288,520,1000,2878,2943,360,674,904
1469,455,416,398,244,512,745,2481,2459,370,744,814
1464,455,397,424,289,479,697,2795,2457,372,689,818
1647,457,313,398,290,478,577,3500,2665,412,693,824
1464,457,417,408,284,496,906,2317,2509,368,690,856
1467,459,384,396,244,481,851,90576,2478,434,918,1327
1507,494,406,447,264,494,973,2813,3150,376,691,871
1463,473,390,431,245,488,808,3220,2437,392,689,841
1455,461,402,402,256,549,656,2693,1979,355,709,810
1461,459,392,396,256,536,687,2114,1997,386,701,820
1467,463,376,404,248,554,577,2909,14917,378,707,814
1461,457,304,397,243,518,634,3404,2489,361,719,819
1465,463,788,396,246,479,756,2571,2261,380,674,823
1458,455,394,392,254,516,630,2772,2263,356,715,855
1461,455,396,392,292,502,646,2759,2140,397,684,857
1692,636,575,532,244,658,1038,2586,2703,378,725,821
1462,457,368,406,244,484,621,46772,3372,658,964,807
1461,455,400,408,301,489,1174,3663,2220,378,711,780
1483,459,381,433,291,548,817,2423,2251,359,670,858
1461,457,394,418,285,544,540,3141,2080,381,673,786
1462,457,382,413,258,591,548,2498,2196,362,735,829
1469,455,386,396,258,530,723,3153,2829,360,674,796
1471,463,394,396,256,636,840,2919,2582,356,694,898
1476,474,410,435,288,506,792,3089,3015,357,689,973
1465,469,394,396,287,577,633,2351,1943,374,717,784
1465,463,394,396,292,488,546,2450,2104,378,674,835
1459,457,373,396,289,491,776,2905,2397,372,690,813
1461,457,390,400,246,479,628,2429,2641,378,684,825
1463,473,372,392,249,484,926,2935,2283,366,691,810
1464,462,406,408,246,487,778,2600,2334,356,684,784
1485,455,390,400,288,482,646,2468,2600,355,705,896
1462,473,378,410,289,483,740,31779,4546,552,1089,839
1458,461,386,394,244,496,717,2468,2328,355,731,811
1458,463,395,418,244,522,654,2541,2220,353,711,817
1460,459,380,412,256,528,661,2476,2707,380,711,794
1462,457,386,402,240,502,504,2563,2113,377,715,811
1466,461,429,408,244,481,707,2747,2411,384,690,825
1483,461,403,392,288,479,693,2657,2791,437,688,827
14012,578,45937,900,244,814,1187,3101,3262,659,895,1000
1462,474,385,397,245,486,573,2368,39228,526,869,896
1460,463,376,396,242,508,609,2596,2056,357,711,837
1463,457,384,394,248,479,546,2627,15693,402,707,888
1462,455,384,392,244,497,628,3394,2428,357,689,820
1464,455,368,396,244,489,620,2171,1995,402,691,1098
1456,457,396,397,247,502,609,2399,2294,384,688,811
1456,455,370,392,252,507,723,2927,2414,355,713,845
1517,467,390,400,285,510,684,2364,2995,377,681,835
1462,461,356,437,241,539,893,2417,2523,356,690,817
1483,483,384,402,260,488,719,2718,3376,383,685,924
1462,455,399,408,244,514,570,2200,1903,358,689,812
1476,457,396,425,244,556,618,2488,2129,416,689,831
1457,465,380,394,241,498,959,2864,2334,384,692,849
1458,462,396,392,245,480,644,2541,2380,374,721,825
1462,463,386,392,244,490,769,2365,2464,361,717,841
1465,461,380,398,294,543,723,2456,2567,356,715,786
1466,474,404,396,288,492,593,2826,1927,360,721,814
1454,474,390,392,292,480,897,2698,2575,354,693,851
1463,459,433,404,246,501,632,3033,2425,386,719,810
1466,466,377,395,243,480,609,2929,2176,371,734,820
1485,475,305,394,266,520,715,3100,2618,364,684,860
1470,453,390,409,284,477,990,2752,2712,359,677,780
1456,476,400,408,244,508,761,3419,3341,496,701,871
1461,455,404,394,244,491,719,3224,2507,355,719,817
1455,459,392,453,241,535,731,3075,2586,372,686,890
1464,459,409,396,278,526,906,3100,2919,365,693,863
1454,459,382,394,244,481,817,2947,2226,380,713,815
1454,475,384,392,246,500,514,2490,2413,366,686,786
1457,455,384,396,245,478,818,3248,2818,400,725,806
1454,455,403,394,268,481,906,2759,2902,354,690,784
1456,467,403,396,249,537,751,2505,2433,374,691,782
1465,469,398,412,244,486,668,3126,2521,357,717,910
1456,474,402,400,248,485,1093,3849,3013,371,691,857
1487,475,366,449,292,618,645,3088,15488,360,694,829
1492,476,394,473,293,540,900,2557,2748,372,689,877
1463,461,390,394,294,482,570,2172,2118,356,691,782
1462,471,394,409,304,502,823,3037,2683,359,691,835
1461,457,396,396,288,484,711,2953,2389,361,689,786
1458,457,407,396,292,478,583,2248,2178,380,715,814
1464,460,392,394,286,518,609,3191,2759,390,697,786
1461,469,384,398,290,480,774,2553,2316,351,855,774
1458,475,340,430,287,503,711,2897,2829,362,723,914
1458,471,400,419,292,486,654,2478,2269,361,669,902
1458,459,419,408,290,478,619,2068,2263,361,687,865
1464,461,386,396,240,484,650,2648,2105,361,687,851
1471,463,378,428,287,489,827,3376,2539,384,684,827
1462,467,396,393,243,490,737,3256,3104,360,686,849
1461,455,383,395,290,492,633,3061,2117,357,689,825
1454,465,305,396,290,589,640,2621,2250,356,670,784
1507,483,388,457,287,489,819,3457,2834,422,689,944
1455,455,383,411,296,530,553,2488,2170,355,715,829
1458,455,410,407,288,484,522,3000,2486,392,741,825
1464,457,398,417,286,485,1278,2761,2531,357,689,879
1463,471,384,426,246,482,1078,3358,2848,410,715,825
1461,463,378,396,246,503,709,3067,2608,358,676,862
1473,481,372,418,244,536,858,3030,2708,361,697,847
1464,479,305,415,300,532,878,2770,3220,384,691,828
1458,510,414,413,288,538,852,3016,2712,418,691,928
1464,480,392,416,299,512,747,2289,2539,392,675,824
1501,715,309,443,282,508,798,2748,2566,374,721,973
1460,474,396,394,294,482,660,2604,2787,378,684,869
1458,480,386,404,300,478,820,2533,2513,384,693,824
1467,455,309,394,290,480,623,2773,2383,381,687,880
1457,459,491,394,291,491,799,2695,2320,365,691,837
1467,471,388,433,245,569,796,3358,15157,390,717,904
1454,461,382,439,290,492,698,2578,2501,355,693,863
1477,461,394,411,292,640,575,2358,2594,382,715,812
1461,459,394,392,246,493,738,3297,2321,352,688,817
1459,467,376,400,270,561,629,3220,2714,381,687,817
1489,479,394,419,245,520,770,3157,2736,398,689,964
1469,467,396,411,294,480,830,2724,3100,372,688,1036
1471,459,410,449,287,562,849,2826,2740,392,689,804
1461,467,418,409,284,585,979,2596,2265,357,687,904
1505,469,382,392,244,512,999,3337,3283,394,682,823
1461,471,357,407,248,479,884,2337,2531,382,693,812
1461,471,402,417,292,494,831,3570,2535,358,693,857
1479,465,408,406,293,506,566,3342,2848,385,697,853
1462,463,356,392,294,496,873,2763,2813,390,701,827
1456,470,396,402,288,492,621,2460,2570,388,695,940
1454,459,415,392,270,475,707,2803,2563,356,691,1017
1472,471,415,400,250,485,774,2685,2497,361,687,884
29862,589,619,559,252,632,1237,3538,2986,359,778,860
1465,455,331,408,260,933,568,2600,2044,355,675,839
1467,459,374,392,258,479,585,2588,2257,357,719,817
1462,455,392,395,294,506,739,3551,2358,427,694,786
1464,459,386,402,291,542,817,3065,2437,356,695,786
1456,455,402,401,260,503,965,2753,2358,384,696,890
1462,459,392,421,254,585,770,2331,2448,394,733,789
1499,465,417,418,244,508,934,2580,2490,408,687,853
1501,461,447,394,244,613,1219,2923,2417,382,687,855
1470,455,399,396,243,482,593,2439,2064,386,687,810
1461,459,394,402,246,514,1026,3278,2909,402,693,828
1466,459,311,394,244,514,747,2675,2290,361,711,849
1493,457,402,433,250,583,910,3221,2840,390,675,792
1461,485,384,396,290,480,755,3019,2448,396,694,788
1458,472,404,394,292,624,699,2285,15730,378,678,829
1464,471,380,394,291,510,1027,3417,2852,353,719,817
1462,490,431,455,286,483,482,2578,2098,418,693,853
1465,477,396,394,289,481,575,2949,2111,359,720,820
1454,486,388,396,290,477,638,2101,1911,357,695,853
1460,480,384,394,290,484,572,2661,2186,355,726,832
1458,488,410,394,289,479,701,2279,2614,356,721,816
1487,463,384,396,245,486,869,3612,2724,412,681,845
1458,453,382,414,248,498,814,2984,2616,378,677,826
1473,496,378,402,256,526,650,2417,2905,355,821,802
1471,461,380,392,288,486,601,2691,2040,357,748,845
1465,515,376,461,287,579,883,3405,2815,420,689,861
1619,461,319,421,286,500,558,2438,2616,358,688,849
1477,473,400,423,288,561,542,2352,2235,379,691,851
1469,457,396,425,260,489,693,2559,2397,356,690,786
1460,465,390,398,291,481,800,2635,3049,378,686,797
1474,457,388,402,293,534,1073,3120,2604,410,691,804
1487,455,384,392,292,482,605,2561,2257,354,717,786
1457,471,390,421,253,492,739,2631,2285,364,711,786
1462,494,420,402,246,498,804,3063,3135,365,697,949
1455,455,365,421,245,476,680,2566,2216,378,676,831
1459,450,342,420,246,538,528,2552,2356,353,709,819
1462,471,393,396,290,490,676,2760,2290,378,708,823
1461,461,306,396,293,492,891,2560,2311,356,692,831
1468,455,388,392,291,524,739,2984,2592,384,691,877
1457,459,396,396,248,479,786,2481,2626,359,720,814
1454,457,388,424,244,484,841,2626,2492,372,697,837
1456,494,388,396,246,479,823,3083,2679,376,707,863
1458,467,386,419,245,482,741,2257,3004,356,721,816
1460,457,384,392,244,485,720,2246,2604,356,723,808
1460,461,390,394,244,496,999,3132,2860,459,699,875
1461,451,384,408,286,480,835,2709,15566,359,677,812
1458,453,380,433,290,544,904,2722,2616,354,715,871
1470,484,384,418,244,479,845,2539,2448,390,685,816
1456,476,373,394,269,501,1087,3421,3168,366,687,855
1457,475,382,416,291,520,674,2647,2547,390,699,839
1454,455,372,410,246,516,554,2623,2163,353,715,821
1461,473,388,414,246,488,538,2399,2092,356,690,827
1467,459,381,399,245,486,615,2440,2125,394,690,811
1456,463,396,396,287,479,510,2779,2445,356,688,831
1457,455,394,404,293,550,886,2405,2145,379,685,912
1461,457,406,394,291,479,1247,2998,2304,357,715,829
1464,462,400,396,288,486,816,2606,2600,358,711,786
1499,470,412,431,286,526,1060,3618,3163,396,690,876
1458,453,409,406,288,486,629,2208,2050,396,715,839
1465,481,392,398,246,485,894,2728,2454,380,725,810
1466,474,394,396,244,544,605,2371,2529,359,689,831
1592,455,309,406,295,524,873,2619,3743,376,689,786
1483,473,431,433,241,504,926,2828,2817,378,691,950
1465,459,388,388,248,595,548,2489,2220,355,715,817
1473,463,390,400,244,709,699,3130,2263,392,680,809
1460,471,390,455,291,652,743,2897,2675,359,689,853
1458,469,396,409,292,569,731,2501,2057,356,717,810
1467,457,400,422,287,483,581,2513,2067,358,717,839
1458,457,378,421,288,581,703,2437,2151,368,715,827
1459,457,384,418,288,480,623,2552,2340,382,710,815
1464,482,396,412,289,479,753,3488,3122,427,688,1075
1467,457,410,411,241,502,573,2762,2592,360,688,809
1461,463,363,396,244,514,634,2311,2519,353,693,817
33918,798,508,493,264,717,1061,2892,3527,396,877,849
1467,455,390,394,244,558,618,2683,2214,356,690,870
1457,461,382,396,242,483,601,3106,3130,356,711,867
1462,453,397,400,243,490,888,2506,15716,384,678,813
1464,474,408,394,244,479,709,2736,2547,354,717,784
1469,459,390,396,288,508,774,2838,2594,359,715,790
1461,467,388,392,292,492,554,2580,2555,366,674,782
1481,485,396,441,290,579,1379,3445,3078,414,687,922
1458,471,405,396,333,487,598,2864,3002,355,691,806
1457,487,388,419,256,506,582,1955,1956,396,713,814
1464,459,400,413,258,560,638,3017,2118,352,690,855
1475,457,436,401,256,589,692,2862,2747,373,685,837
1460,460,402,428,256,486,656,2610,2354,380,691,861
1458,461,307,392,291,481,705,2866,2173,378,689,877
1476,457,390,395,290,490,792,2636,2210,567,808,817
1457,479,378,394,248,489,650,3165,2616,382,719,837
1592,478,396,455,292,482,1139,3433,3055,359,683,837
1479,455,384,402,290,484,735,2894,2174,374,694,860
1459,469,422,396,295,479,681,2890,2493,367,699,859
1459,461,377,394,293,479,837,2720,2838,355,673,834
1455,455,390,394,292,476,841,2498,2789,433,721,814
1459,457,394,392,293,479,1062,2801,3114,394,705,859
1458,463,394,403,288,481,760,2795,2576,353,689,843
1465,461,406,392,242,484,936,2669,2399,359,683,839
1631,475,388,392,287,483,910,3013,3229,388,691,916
1462,459,384,414,246,498,654,3165,2236,362,684,871
1464,455,376,404,266,504,737,2377,3479,356,727,817
1471,481,482,396,288,506,947,3306,2507,376,696,856
1467,459,410,394,248,518,747,2613,3089,425,696,870
1462,480,396,398,246,495,906,2911,2775,418,772,829
1461,473,382,426,246,482,737,2752,2281,356,697,881
1457,455,394,396,309,518,741,2781,2401,388,711,812
1456,457,388,392,250,514,1005,2344,2694,366,733,786
1489,471,409,436,297,613,910,2996,3563,364,690,955
1458,460,392,418,250,558,675,3158,16326,388,715,828
1468,455,394,392,244,544,874,3406,2781,368,725,821
1481,459,565,392,290,506,656,3025,2293,356,690,878
1457,477,384,412,291,501,858,3337,2437,358,688,894
1469,473,426,397,241,480,595,2907,2803,414,691,790
1461,467,392,435,292,478,987,3166,3307,378,687,1151
1495,483,380,437,292,504,709,3262,2795,402,709,871
1466,490,384,414,288,480,670,1991,2137,355,719,819
1477,455,378,394,290,477,839,3350,2350,386,713,816
1457,455,384,400,296,512,697,2330,2356,423,684,805
1511,471,396,435,246,477,733,3896,3600,394,690,900
1455,469,404,421,241,525,534,2090,1928,355,678,809
1460,468,396,408,242,499,829,2661,2375,390,686,839
1463,469,384,396,284,504,705,2433,2277,362,691,786
1489,455,390,437,286,583,894,3488,3323,404,693,987
1460,457,393,452,291,500,583,2305,2196,359,695,855
1461,471,398,390,256,482,944,2594,2996,390,715,837
1453,459,398,394,278,532,703,3098,2913,369,689,827
1460,455,380,396,244,481,541,2982,2705,362,731,835
1458,463,395,436,244,492,966,2804,2632,362,674,782
1460,459,402,409,286,481,722,2484,2646,354,691,1029
1461,459,390,392,247,492,603,2714,2547,356,686,890
1464,471,398,433,291,483,989,3772,3193,360,691,832
1462,476,378,392,292,488,650,3030,2192,406,727,829
1479,455,410,394,252,476,656,3337,2369,355,721,784
1458,471,390,403,247,516,711,2527,2771,430,683,910
1489,461,394,398,252,526,541,3093,2826,372,686,845
1467,455,384,400,290,610,881,2678,2392,364,693,788
1471,457,400,424,285,495,914,2834,2464,384,680,898
1461,463,432,393,262,483,561,2405,2378,354,674,819
1461,469,420,396,293,498,784,2543,2634,358,674,835
1490,474,430,394,291,597,804,2635,15421,358,688,860
1458,459,392,397,290,481,638,2582,2472,376,715,863
1462,468,392,406,288,482,558,3175,2866,372,727,880
1469,479,384,396,254,520,1343,2906,2694,420,691,853
1461,467,400,402,256,484,652,2386,2501,357,713,807
1456,469,388,392,289,481,866,2484,2742,353,791,859
1461,481,374,439,282,522,877,3352,2777,355,691,814
1489,479,392,396,244,480,678,2476,2555,417,694,829
1454,455,396,394,244,585,697,2175,2064,359,711,807
1478,459,388,397,290,483,847,2718,2283,376,713,792
1464,474,369,399,245,498,632,2224,2263,357,689,845
1468,474,572,397,245,492,877,2799,2627,357,693,985
1461,463,390,394,244,481,894,2572,3286,416,689,829
1460,473,500,392,282,480,770,2827,2413,362,814,817
1457,475,431,392,246,495,894,2628,2661,358,688,821
1499,477,380,408,297,487,760,3498,3307,398,688,1018
1461,463,394,392,292,500,701,3099,2369,382,703,875
1465,471,390,433,288,498,768,3223,2600,380,689,861
1458,464,383,403,292,486,646,2853,3037,404,689,786
1457,461,304,392,262,563,597,2537,2749,355,676,819
1467,453,398,392,258,479,813,3146,2172,369,691,786
1464,473,378,408,256,526,602,2896,2283,356,691,857
1461,459,390,392,244,481,569,2939,2147,378,693,812
1454,462,394,396,288,504,731,2562,2193,411,684,823
1463,477,388,392,248,489,713,3057,2653,386,679,812
1455,459,378,408,244,481,575,2025,1897,356,715,839
1465,457,392,410,285,491,622,2913,1950,381,719,823
1479,459,402,413,284,479,583,2456,2100,356,709,808
1465,455,507,392,256,524,634,2188,2490,354,717,818
1464,465,403,416,294,500,553,2502,2153,378,721,817
1464,465,386,394,287,499,725,2816,2179,356,715,827
1456,463,380,392,258,481,618,3006,15590,374,796,877
1460,478,378,430,291,479,1133,3112,2667,356,678,813
1460,459,390,417,246,479,548,2359,2076,369,715,786
1489,465,415,432,283,538,672,2828,2427,362,678,882
1462,457,372,437,249,543,520,2959,1875,384,687,790
1461,473,396,412,250,518,599,2332,2312,355,691,855
1457,455,394,392,243,500,549,2494,1946,357,687,877
1461,455,390,396,247,486,725,2480,2730,417,709,822
1489,476,384,434,289,487,930,3283,2856,361,717,854
1481,471,404,439,285,481,642,2779,2149,359,687,820
1457,467,396,412,289,560,545,2198,1852,376,688,829
1463,455,377,409,292,508,534,2818,1919,356,688,786
1458,462,396,392,258,485,622,2675,2045,370,695,786
1464,455,409,396,268,526,546,3136,2241,414,691,794
1465,465,418,395,258,609,762,2374,2417,366,711,796
1460,473,401,392,290,494,904,2504,2267,388,709,790
1459,455,374,394,272,536,725,2907,2450,371,699,817
1466,476,398,434,291,479,774,3254,2637,404,695,950
1477,457,378,410,290,557,644,2307,1847,369,677,786
1458,455,394,417,245,500,873,2196,1983,361,750,788
1463,477,366,396,244,481,528,2653,2297,356,690,823
1457,455,410,396,254,487,797,2165,2208,362,715,786
1455,457,398,392,244,477,727,2566,2321,356,688,801
1462,455,388,409,260,526,571,2854,2104,357,673,806
1458,470,394,410,294,492,701,2632,2405,354,688,811
1461,459,390,392,246,479,628,2604,1984,412,693,786
1467,475,390,435,288,490,810,3055,2716,356,690,965
1461,457,372,436,291,579,609,2253,1824,353,721,788
1458,478,371,439,292,488,524,2515,2143,378,723,796
1464,484,390,392,292,579,636,2712,2397,359,711,792
1471,483,390,396,240,481,604,2795,2419,353,695,894
1467,473,378,396,294,482,780,2549,15165,380,685,792
1474,476,379,401,286,488,885,2761,2531,416,713,819
1463,483,394,396,287,499,555,2480,2604,356,688,790
1464,478,390,434,244,591,908,2759,2583,411,690,876
1461,481,396,392,244,483,527,2551,2049,368,687,818
1461,487,370,408,246,479,671,2453,2162,361,715,782
1476,478,392,394,288,518,756,3010,2336,356,710,811
1471,473,392,394,295,492,658,2527,2500,362,826,805
1454,463,317,398,293,481,553,2711,2056,366,686,861
1455,457,382,392,292,547,845,2736,2248,352,692,821
1469,479,386,429,292,488,654,2949,2663,374,691,830
1465,479,407,455,286,481,807,2598,2557,380,674,815
1503,473,392,400,289,481,530,2493,2013,353,689,820
1468,463,395,398,292,480,572,2560,2848,357,713,792
1457,463,390,394,291,536,849,2167,2218,368,719,788
1453,459,402,398,293,475,540,2578,2206,357,782,774
